id,tenant_id,edge_type,source_node_id,target_node_id,attributes,created_at
c6850394-fb25-4c3c-b188-7785d455c57c,7dcc2d9d-6586-4370-a8ae-24e00a92e1c0,intent_allowed_persona,2ba269f4-7ae0-4ec1-b635-44d445c5649b,2304f574-84a4-4756-8370-02cc37044e90,{},2026-04-11 19:00:58.151883+00
c2d076ae-d3bc-4d06-b8ab-0d85d913a72c,7dcc2d9d-6586-4370-a8ae-24e00a92e1c0,intent_allowed_persona,2ba269f4-7ae0-4ec1-b635-44d445c5649b,331bca7c-a260-47f8-9075-afc4f3770e84,{},2026-04-11 19:00:58.152083+00
2bb89bc1-90db-4773-8aed-c65ca36f1eed,7dcc2d9d-6586-4370-a8ae-24e00a92e1c0,intent_allowed_persona,2ba269f4-7ae0-4ec1-b635-44d445c5649b,b042bdfe-e4aa-4257-9feb-e161da2ca888,{},2026-04-11 19:00:58.152523+00
17a694a3-7c39-498c-9dae-e4730f7db643,7dcc2d9d-6586-4370-a8ae-24e00a92e1c0,intent_allowed_persona,2ba269f4-7ae0-4ec1-b635-44d445c5649b,c99d6ae4-1319-4b0a-b40a-d6fd53f32518,{},2026-04-11 19:00:58.152295+00
7c166074-4e3f-4e6d-98c0-24c53c8d7c47,7dcc2d9d-6586-4370-a8ae-24e00a92e1c0,intent_allowed_persona,2ba269f4-7ae0-4ec1-b635-44d445c5649b,d1b3e52e-e4ad-4c78-8fbd-49a0bda33a71,{},2026-04-11 19:00:58.151634+00
037be65c-538b-4883-a9b9-b72d7b2645b1,7dcc2d9d-6586-4370-a8ae-24e00a92e1c0,intent_allowed_persona,4265826a-96ae-45b9-b8c0-b387e7e4ba65,2304f574-84a4-4756-8370-02cc37044e90,{},2026-04-11 19:00:58.148775+00
e8d8af40-d369-4aa1-9d86-c736160ba7aa,7dcc2d9d-6586-4370-a8ae-24e00a92e1c0,intent_allowed_persona,4265826a-96ae-45b9-b8c0-b387e7e4ba65,331bca7c-a260-47f8-9075-afc4f3770e84,{},2026-04-11 19:00:58.149882+00
d23c857c-b6b6-4de1-9432-9a4d778dd8fc,7dcc2d9d-6586-4370-a8ae-24e00a92e1c0,intent_allowed_persona,4265826a-96ae-45b9-b8c0-b387e7e4ba65,b042bdfe-e4aa-4257-9feb-e161da2ca888,{},2026-04-11 19:00:58.150506+00
64805458-2913-47e8-af87-a2075d5f4552,7dcc2d9d-6586-4370-a8ae-24e00a92e1c0,intent_allowed_persona,4265826a-96ae-45b9-b8c0-b387e7e4ba65,c99d6ae4-1319-4b0a-b40a-d6fd53f32518,{},2026-04-11 19:00:58.15019+00
558e4335-db82-4a8e-8f3f-9a5825a617a2,7dcc2d9d-6586-4370-a8ae-24e00a92e1c0,intent_allowed_persona,4265826a-96ae-45b9-b8c0-b387e7e4ba65,d1b3e52e-e4ad-4c78-8fbd-49a0bda33a71,{},2026-04-11 19:00:58.148428+00
8fd8c32a-f116-4dc0-b439-0d7a5647319b,7dcc2d9d-6586-4370-a8ae-24e00a92e1c0,intent_allowed_persona,6be5f7cb-6db8-4562-b5d8-8fd2848782c4,2304f574-84a4-4756-8370-02cc37044e90,{},2026-04-11 19:00:58.156012+00
f90e738c-7152-4148-9353-d03c1b91f224,7dcc2d9d-6586-4370-a8ae-24e00a92e1c0,intent_allowed_persona,6be5f7cb-6db8-4562-b5d8-8fd2848782c4,331bca7c-a260-47f8-9075-afc4f3770e84,{},2026-04-11 19:00:58.156178+00
2572496c-90fb-445b-ba3f-0ae85e3a1089,7dcc2d9d-6586-4370-a8ae-24e00a92e1c0,intent_allowed_persona,6be5f7cb-6db8-4562-b5d8-8fd2848782c4,b042bdfe-e4aa-4257-9feb-e161da2ca888,{},2026-04-11 19:00:58.156528+00
90db3a7f-a639-4308-8d1f-24d84abda820,7dcc2d9d-6586-4370-a8ae-24e00a92e1c0,intent_allowed_persona,6be5f7cb-6db8-4562-b5d8-8fd2848782c4,c99d6ae4-1319-4b0a-b40a-d6fd53f32518,{},2026-04-11 19:00:58.156345+00
43600dd9-c54a-4ecf-9567-420352a64c2c,7dcc2d9d-6586-4370-a8ae-24e00a92e1c0,intent_allowed_persona,6be5f7cb-6db8-4562-b5d8-8fd2848782c4,d1b3e52e-e4ad-4c78-8fbd-49a0bda33a71,{},2026-04-11 19:00:58.155839+00
16ba0dd4-a7c5-4280-a196-23826031d620,7dcc2d9d-6586-4370-a8ae-24e00a92e1c0,intent_allowed_persona,725d0863-60c1-4516-80c0-5f5c92986e97,2304f574-84a4-4756-8370-02cc37044e90,{},2026-04-11 19:00:58.153392+00
44a7c09c-48b9-4b93-beab-eee0c66fe891,7dcc2d9d-6586-4370-a8ae-24e00a92e1c0,intent_allowed_persona,725d0863-60c1-4516-80c0-5f5c92986e97,331bca7c-a260-47f8-9075-afc4f3770e84,{},2026-04-11 19:00:58.15358+00
6b10e2e2-c102-4343-9bac-d001a7f5dfb8,7dcc2d9d-6586-4370-a8ae-24e00a92e1c0,intent_allowed_persona,725d0863-60c1-4516-80c0-5f5c92986e97,b042bdfe-e4aa-4257-9feb-e161da2ca888,{},2026-04-11 19:00:58.154093+00
79779bc9-82d6-4fed-8da1-87e24617c985,7dcc2d9d-6586-4370-a8ae-24e00a92e1c0,intent_allowed_persona,725d0863-60c1-4516-80c0-5f5c92986e97,c99d6ae4-1319-4b0a-b40a-d6fd53f32518,{},2026-04-11 19:00:58.153783+00
5fb59ad5-59f9-48e7-870c-ea1c75bbf855,7dcc2d9d-6586-4370-a8ae-24e00a92e1c0,intent_allowed_persona,725d0863-60c1-4516-80c0-5f5c92986e97,d1b3e52e-e4ad-4c78-8fbd-49a0bda33a71,{},2026-04-11 19:00:58.153035+00
b8a0422c-180c-4c74-a09d-f71eb97b5833,7dcc2d9d-6586-4370-a8ae-24e00a92e1c0,intent_allowed_persona,784ea815-9005-4718-8f5c-546c6c2bfc48,2304f574-84a4-4756-8370-02cc37044e90,{},2026-04-11 19:00:58.158448+00
e35525f1-cf5d-46c4-88a2-2c456f66f103,7dcc2d9d-6586-4370-a8ae-24e00a92e1c0,intent_allowed_persona,784ea815-9005-4718-8f5c-546c6c2bfc48,331bca7c-a260-47f8-9075-afc4f3770e84,{},2026-04-11 19:00:58.158628+00
c0a3e62a-7cf1-4512-8c66-44bbce37a421,7dcc2d9d-6586-4370-a8ae-24e00a92e1c0,intent_allowed_persona,784ea815-9005-4718-8f5c-546c6c2bfc48,b042bdfe-e4aa-4257-9feb-e161da2ca888,{},2026-04-11 19:00:58.159013+00
5e4c9b12-f760-454d-905a-646c01c6b620,7dcc2d9d-6586-4370-a8ae-24e00a92e1c0,intent_allowed_persona,784ea815-9005-4718-8f5c-546c6c2bfc48,c99d6ae4-1319-4b0a-b40a-d6fd53f32518,{},2026-04-11 19:00:58.15882+00
33e60a5b-9b0b-4843-94f8-d24440fb3b50,7dcc2d9d-6586-4370-a8ae-24e00a92e1c0,intent_allowed_persona,784ea815-9005-4718-8f5c-546c6c2bfc48,d1b3e52e-e4ad-4c78-8fbd-49a0bda33a71,{},2026-04-11 19:00:58.158276+00
d0085d93-446a-4ab1-8db6-7191f6209037,7dcc2d9d-6586-4370-a8ae-24e00a92e1c0,intent_allowed_persona,7cdd02d9-b4e9-4eda-b795-fc8dfe2bf83e,2304f574-84a4-4756-8370-02cc37044e90,{},2026-04-11 19:00:58.164888+00
1e722fd0-9b22-4e81-af0f-f1841f9bb5df,7dcc2d9d-6586-4370-a8ae-24e00a92e1c0,intent_allowed_persona,7cdd02d9-b4e9-4eda-b795-fc8dfe2bf83e,331bca7c-a260-47f8-9075-afc4f3770e84,{},2026-04-11 19:00:58.165057+00
a242ea6b-181c-47a6-84a5-31c8091c73f0,7dcc2d9d-6586-4370-a8ae-24e00a92e1c0,intent_allowed_persona,7cdd02d9-b4e9-4eda-b795-fc8dfe2bf83e,b042bdfe-e4aa-4257-9feb-e161da2ca888,{},2026-04-11 19:00:58.165427+00
f2cfeccf-6d37-4560-8584-32f6b2d0815d,7dcc2d9d-6586-4370-a8ae-24e00a92e1c0,intent_allowed_persona,7cdd02d9-b4e9-4eda-b795-fc8dfe2bf83e,c99d6ae4-1319-4b0a-b40a-d6fd53f32518,{},2026-04-11 19:00:58.165229+00
219afef5-d6d1-4dad-9ddb-284e967c27a4,7dcc2d9d-6586-4370-a8ae-24e00a92e1c0,intent_allowed_persona,7cdd02d9-b4e9-4eda-b795-fc8dfe2bf83e,d1b3e52e-e4ad-4c78-8fbd-49a0bda33a71,{},2026-04-11 19:00:58.16472+00
11627201-1588-4bbd-8242-bca5e23e1606,7dcc2d9d-6586-4370-a8ae-24e00a92e1c0,intent_allowed_persona,7fd4c40b-95aa-4d80-b07d-89ed9986c92d,2304f574-84a4-4756-8370-02cc37044e90,{},2026-04-11 19:00:58.154814+00
5f0565c1-35a1-4ce2-9962-08b1b0ea2750,7dcc2d9d-6586-4370-a8ae-24e00a92e1c0,intent_allowed_persona,7fd4c40b-95aa-4d80-b07d-89ed9986c92d,331bca7c-a260-47f8-9075-afc4f3770e84,{},2026-04-11 19:00:58.15499+00
3304cd25-1486-48a4-af0a-1fd2aa6e0b45,7dcc2d9d-6586-4370-a8ae-24e00a92e1c0,intent_allowed_persona,7fd4c40b-95aa-4d80-b07d-89ed9986c92d,b042bdfe-e4aa-4257-9feb-e161da2ca888,{},2026-04-11 19:00:58.155362+00
2420bd08-eb80-46bc-8448-cc2da3f13519,7dcc2d9d-6586-4370-a8ae-24e00a92e1c0,intent_allowed_persona,7fd4c40b-95aa-4d80-b07d-89ed9986c92d,c99d6ae4-1319-4b0a-b40a-d6fd53f32518,{},2026-04-11 19:00:58.15517+00
bb6a7097-890f-4a87-8613-71f55701c1cd,7dcc2d9d-6586-4370-a8ae-24e00a92e1c0,intent_allowed_persona,7fd4c40b-95aa-4d80-b07d-89ed9986c92d,d1b3e52e-e4ad-4c78-8fbd-49a0bda33a71,{},2026-04-11 19:00:58.154634+00
04981a81-fc7b-43ca-86e3-e13fed835da1,7dcc2d9d-6586-4370-a8ae-24e00a92e1c0,intent_allowed_persona,8b24d96f-3193-4a78-a780-04a547021214,2304f574-84a4-4756-8370-02cc37044e90,{},2026-04-11 19:00:58.157206+00
d10cbbc8-9543-4244-9883-8285cce41764,7dcc2d9d-6586-4370-a8ae-24e00a92e1c0,intent_allowed_persona,8b24d96f-3193-4a78-a780-04a547021214,331bca7c-a260-47f8-9075-afc4f3770e84,{},2026-04-11 19:00:58.157372+00
5be454e9-1328-45c2-ae3d-af1c1a37380b,7dcc2d9d-6586-4370-a8ae-24e00a92e1c0,intent_allowed_persona,8b24d96f-3193-4a78-a780-04a547021214,b042bdfe-e4aa-4257-9feb-e161da2ca888,{},2026-04-11 19:00:58.157793+00
ad4f4438-ad64-4520-a1e4-6ab726eab263,7dcc2d9d-6586-4370-a8ae-24e00a92e1c0,intent_allowed_persona,8b24d96f-3193-4a78-a780-04a547021214,c99d6ae4-1319-4b0a-b40a-d6fd53f32518,{},2026-04-11 19:00:58.157599+00
9eb1d19b-dea6-4d2c-813c-bdeeb6e897e5,7dcc2d9d-6586-4370-a8ae-24e00a92e1c0,intent_allowed_persona,8b24d96f-3193-4a78-a780-04a547021214,d1b3e52e-e4ad-4c78-8fbd-49a0bda33a71,{},2026-04-11 19:00:58.15704+00
23c12645-c30e-495e-9d47-4357181869d0,7dcc2d9d-6586-4370-a8ae-24e00a92e1c0,intent_allowed_persona,90c08938-5c7b-4930-ae75-eac9c6743a4c,2304f574-84a4-4756-8370-02cc37044e90,{},2026-04-11 19:00:58.171094+00
d7ab9f0e-3d6a-41a2-84f2-93b22e5effa6,7dcc2d9d-6586-4370-a8ae-24e00a92e1c0,intent_allowed_persona,90c08938-5c7b-4930-ae75-eac9c6743a4c,331bca7c-a260-47f8-9075-afc4f3770e84,{},2026-04-11 19:00:58.17126+00
e95bf828-b80c-47cf-9f52-30711f6f5153,7dcc2d9d-6586-4370-a8ae-24e00a92e1c0,intent_allowed_persona,90c08938-5c7b-4930-ae75-eac9c6743a4c,b042bdfe-e4aa-4257-9feb-e161da2ca888,{},2026-04-11 19:00:58.172764+00
99b350c5-2913-4e2d-ac90-fec9b7a51555,7dcc2d9d-6586-4370-a8ae-24e00a92e1c0,intent_allowed_persona,90c08938-5c7b-4930-ae75-eac9c6743a4c,c99d6ae4-1319-4b0a-b40a-d6fd53f32518,{},2026-04-11 19:00:58.171427+00
8fa7ff93-6297-40af-a648-afe6c699e355,7dcc2d9d-6586-4370-a8ae-24e00a92e1c0,intent_allowed_persona,90c08938-5c7b-4930-ae75-eac9c6743a4c,d1b3e52e-e4ad-4c78-8fbd-49a0bda33a71,{},2026-04-11 19:00:58.170892+00
a50ad1f5-6056-4555-a21c-c87f0af4cda1,7dcc2d9d-6586-4370-a8ae-24e00a92e1c0,intent_allowed_persona,98eab98b-beb3-4fbe-a51f-624345693ac5,2304f574-84a4-4756-8370-02cc37044e90,{},2026-04-11 19:00:58.159679+00
15d49312-e77d-4ca1-b55c-c0c6c4817c41,7dcc2d9d-6586-4370-a8ae-24e00a92e1c0,intent_allowed_persona,98eab98b-beb3-4fbe-a51f-624345693ac5,331bca7c-a260-47f8-9075-afc4f3770e84,{},2026-04-11 19:00:58.159854+00
23b495de-188f-40d9-8d6d-66d5232f24ef,7dcc2d9d-6586-4370-a8ae-24e00a92e1c0,intent_allowed_persona,98eab98b-beb3-4fbe-a51f-624345693ac5,b042bdfe-e4aa-4257-9feb-e161da2ca888,{},2026-04-11 19:00:58.16026+00
8fac49a9-c2c0-4a3c-b60f-78f927547dad,7dcc2d9d-6586-4370-a8ae-24e00a92e1c0,intent_allowed_persona,98eab98b-beb3-4fbe-a51f-624345693ac5,c99d6ae4-1319-4b0a-b40a-d6fd53f32518,{},2026-04-11 19:00:58.160041+00
d50cd657-5fd9-4ab8-bf5b-76cd9107cadb,7dcc2d9d-6586-4370-a8ae-24e00a92e1c0,intent_allowed_persona,98eab98b-beb3-4fbe-a51f-624345693ac5,d1b3e52e-e4ad-4c78-8fbd-49a0bda33a71,{},2026-04-11 19:00:58.159505+00
c62dd60f-474f-40d0-b811-640140eca350,7dcc2d9d-6586-4370-a8ae-24e00a92e1c0,intent_allowed_persona,a7b3e165-e6ee-4ee8-8efb-65eb92a9f054,2304f574-84a4-4756-8370-02cc37044e90,{},2026-04-11 19:00:58.14455+00
118ec66b-c687-4d1b-ac71-e9ebc4c24895,7dcc2d9d-6586-4370-a8ae-24e00a92e1c0,intent_allowed_persona,a7b3e165-e6ee-4ee8-8efb-65eb92a9f054,331bca7c-a260-47f8-9075-afc4f3770e84,{},2026-04-11 19:00:58.144944+00
26459e86-8fc6-4109-a484-474c246f1baf,7dcc2d9d-6586-4370-a8ae-24e00a92e1c0,intent_allowed_persona,a7b3e165-e6ee-4ee8-8efb-65eb92a9f054,b042bdfe-e4aa-4257-9feb-e161da2ca888,{},2026-04-11 19:00:58.145505+00
51a5c012-08ee-4020-882a-8f01d0ba018e,7dcc2d9d-6586-4370-a8ae-24e00a92e1c0,intent_allowed_persona,a7b3e165-e6ee-4ee8-8efb-65eb92a9f054,c99d6ae4-1319-4b0a-b40a-d6fd53f32518,{},2026-04-11 19:00:58.14522+00
bd9c71ca-ae66-48d3-b5c9-4849658457ff,7dcc2d9d-6586-4370-a8ae-24e00a92e1c0,intent_allowed_persona,a7b3e165-e6ee-4ee8-8efb-65eb92a9f054,d1b3e52e-e4ad-4c78-8fbd-49a0bda33a71,{},2026-04-11 19:00:58.144218+00
a1665ec4-2316-4e0e-9bbe-b6995493cebe,7dcc2d9d-6586-4370-a8ae-24e00a92e1c0,intent_allowed_persona,b5302425-9fb3-4ef2-98df-bb9b33c232c5,2304f574-84a4-4756-8370-02cc37044e90,{},2026-04-11 19:00:58.167281+00
4c748333-2c68-4ce9-8fce-463c22d685e2,7dcc2d9d-6586-4370-a8ae-24e00a92e1c0,intent_allowed_persona,b5302425-9fb3-4ef2-98df-bb9b33c232c5,331bca7c-a260-47f8-9075-afc4f3770e84,{},2026-04-11 19:00:58.167454+00
15c7f24d-de34-49b9-8d33-2f5447d450f0,7dcc2d9d-6586-4370-a8ae-24e00a92e1c0,intent_allowed_persona,b5302425-9fb3-4ef2-98df-bb9b33c232c5,b042bdfe-e4aa-4257-9feb-e161da2ca888,{},2026-04-11 19:00:58.167853+00
3b30072c-c9d2-456b-b7bd-2073af8fa858,7dcc2d9d-6586-4370-a8ae-24e00a92e1c0,intent_allowed_persona,b5302425-9fb3-4ef2-98df-bb9b33c232c5,c99d6ae4-1319-4b0a-b40a-d6fd53f32518,{},2026-04-11 19:00:58.16765+00
f846ab49-13de-41dc-8162-de71b4b7b585,7dcc2d9d-6586-4370-a8ae-24e00a92e1c0,intent_allowed_persona,b5302425-9fb3-4ef2-98df-bb9b33c232c5,d1b3e52e-e4ad-4c78-8fbd-49a0bda33a71,{},2026-04-11 19:00:58.167105+00
15508869-aa01-4244-aef4-c6e9cf31489a,7dcc2d9d-6586-4370-a8ae-24e00a92e1c0,intent_allowed_persona,c49fbc62-7160-4920-a00a-bbc4cc10bbe9,2304f574-84a4-4756-8370-02cc37044e90,{},2026-04-11 19:00:58.162984+00
827695fe-6892-425c-820d-70939ddfc9d9,7dcc2d9d-6586-4370-a8ae-24e00a92e1c0,intent_allowed_persona,c49fbc62-7160-4920-a00a-bbc4cc10bbe9,331bca7c-a260-47f8-9075-afc4f3770e84,{},2026-04-11 19:00:58.163204+00
d43fbacd-b159-4cbf-add7-ce90eeb29f22,7dcc2d9d-6586-4370-a8ae-24e00a92e1c0,intent_allowed_persona,c49fbc62-7160-4920-a00a-bbc4cc10bbe9,b042bdfe-e4aa-4257-9feb-e161da2ca888,{},2026-04-11 19:00:58.163619+00
33b36647-e178-4810-ab7b-d93bdf7c5861,7dcc2d9d-6586-4370-a8ae-24e00a92e1c0,intent_allowed_persona,c49fbc62-7160-4920-a00a-bbc4cc10bbe9,c99d6ae4-1319-4b0a-b40a-d6fd53f32518,{},2026-04-11 19:00:58.163402+00
45b1cca7-bbe0-494a-a16f-de357a366c0f,7dcc2d9d-6586-4370-a8ae-24e00a92e1c0,intent_allowed_persona,c49fbc62-7160-4920-a00a-bbc4cc10bbe9,d1b3e52e-e4ad-4c78-8fbd-49a0bda33a71,{},2026-04-11 19:00:58.162663+00
029f6dc4-05c5-41a1-a9de-02fdc73631ee,7dcc2d9d-6586-4370-a8ae-24e00a92e1c0,intent_allowed_persona,d38780d0-7135-4bfd-a6f0-2ae5f81ee24b,2304f574-84a4-4756-8370-02cc37044e90,{},2026-04-11 19:00:58.166062+00
269f66be-eb11-4eac-b40e-973872091a6a,7dcc2d9d-6586-4370-a8ae-24e00a92e1c0,intent_allowed_persona,d38780d0-7135-4bfd-a6f0-2ae5f81ee24b,331bca7c-a260-47f8-9075-afc4f3770e84,{},2026-04-11 19:00:58.16623+00
25da3c01-2920-4b3c-b6c8-d94b150c3f29,7dcc2d9d-6586-4370-a8ae-24e00a92e1c0,intent_allowed_persona,d38780d0-7135-4bfd-a6f0-2ae5f81ee24b,b042bdfe-e4aa-4257-9feb-e161da2ca888,{},2026-04-11 19:00:58.166618+00
d33c5867-5b6c-48e4-bc41-52517bde109b,7dcc2d9d-6586-4370-a8ae-24e00a92e1c0,intent_allowed_persona,d38780d0-7135-4bfd-a6f0-2ae5f81ee24b,c99d6ae4-1319-4b0a-b40a-d6fd53f32518,{},2026-04-11 19:00:58.16642+00
c29b8725-3268-4eea-ad82-a66da3dcc426,7dcc2d9d-6586-4370-a8ae-24e00a92e1c0,intent_allowed_persona,d38780d0-7135-4bfd-a6f0-2ae5f81ee24b,d1b3e52e-e4ad-4c78-8fbd-49a0bda33a71,{},2026-04-11 19:00:58.165894+00
b9cbdf38-4654-4aed-89fd-04f1358cc805,7dcc2d9d-6586-4370-a8ae-24e00a92e1c0,intent_allowed_persona,de89ab54-f2c9-49a5-944d-28630a4ed27b,2304f574-84a4-4756-8370-02cc37044e90,{},2026-04-11 19:00:58.161202+00
7f2c6220-f90e-4d14-a94f-cff0c8ee18fb,7dcc2d9d-6586-4370-a8ae-24e00a92e1c0,intent_allowed_persona,de89ab54-f2c9-49a5-944d-28630a4ed27b,331bca7c-a260-47f8-9075-afc4f3770e84,{},2026-04-11 19:00:58.161397+00
fbcfd327-bcb8-4beb-b9bd-f57dae7dbc5d,7dcc2d9d-6586-4370-a8ae-24e00a92e1c0,intent_allowed_persona,de89ab54-f2c9-49a5-944d-28630a4ed27b,b042bdfe-e4aa-4257-9feb-e161da2ca888,{},2026-04-11 19:00:58.162122+00
94337f34-b659-446f-902f-e153c1f7117a,7dcc2d9d-6586-4370-a8ae-24e00a92e1c0,intent_allowed_persona,de89ab54-f2c9-49a5-944d-28630a4ed27b,c99d6ae4-1319-4b0a-b40a-d6fd53f32518,{},2026-04-11 19:00:58.161892+00
943eeff9-2278-4b5e-9290-2429bdbd9b3d,7dcc2d9d-6586-4370-a8ae-24e00a92e1c0,intent_allowed_persona,de89ab54-f2c9-49a5-944d-28630a4ed27b,d1b3e52e-e4ad-4c78-8fbd-49a0bda33a71,{},2026-04-11 19:00:58.160796+00
c6c1455c-fcd0-4670-93f1-268749c478d6,7dcc2d9d-6586-4370-a8ae-24e00a92e1c0,intent_allowed_persona,e50af37d-7a71-4098-9710-d9cb1cfc069d,2304f574-84a4-4756-8370-02cc37044e90,{},2026-04-11 19:00:58.1685+00
a6027ce4-f160-4bbe-bf6c-c4fa74192e90,7dcc2d9d-6586-4370-a8ae-24e00a92e1c0,intent_allowed_persona,e50af37d-7a71-4098-9710-d9cb1cfc069d,331bca7c-a260-47f8-9075-afc4f3770e84,{},2026-04-11 19:00:58.168672+00
43105459-31e5-4b98-8c46-92dac403abf2,7dcc2d9d-6586-4370-a8ae-24e00a92e1c0,intent_allowed_persona,e50af37d-7a71-4098-9710-d9cb1cfc069d,b042bdfe-e4aa-4257-9feb-e161da2ca888,{},2026-04-11 19:00:58.169051+00
5a270614-e57e-4a25-b5d4-af3af6e6cf94,7dcc2d9d-6586-4370-a8ae-24e00a92e1c0,intent_allowed_persona,e50af37d-7a71-4098-9710-d9cb1cfc069d,c99d6ae4-1319-4b0a-b40a-d6fd53f32518,{},2026-04-11 19:00:58.168849+00
60ca2d16-b9bd-4741-957b-4e18a8f4c548,7dcc2d9d-6586-4370-a8ae-24e00a92e1c0,intent_allowed_persona,e50af37d-7a71-4098-9710-d9cb1cfc069d,d1b3e52e-e4ad-4c78-8fbd-49a0bda33a71,{},2026-04-11 19:00:58.16833+00
60f3b5a1-ad16-4ad4-ada8-44aeb4e371ee,7dcc2d9d-6586-4370-a8ae-24e00a92e1c0,intent_allowed_persona,e83df5f5-ca35-4e5a-82ae-1f3059f21210,2304f574-84a4-4756-8370-02cc37044e90,{},2026-04-11 19:00:58.169837+00
c99ae53e-d464-4498-896a-4cb9610497e8,7dcc2d9d-6586-4370-a8ae-24e00a92e1c0,intent_allowed_persona,e83df5f5-ca35-4e5a-82ae-1f3059f21210,331bca7c-a260-47f8-9075-afc4f3770e84,{},2026-04-11 19:00:58.170001+00
7fb8d4a0-798f-4317-a41d-52361193ed2c,7dcc2d9d-6586-4370-a8ae-24e00a92e1c0,intent_allowed_persona,e83df5f5-ca35-4e5a-82ae-1f3059f21210,b042bdfe-e4aa-4257-9feb-e161da2ca888,{},2026-04-11 19:00:58.170343+00
59817fca-6746-49bb-a158-8f089a23ce86,7dcc2d9d-6586-4370-a8ae-24e00a92e1c0,intent_allowed_persona,e83df5f5-ca35-4e5a-82ae-1f3059f21210,c99d6ae4-1319-4b0a-b40a-d6fd53f32518,{},2026-04-11 19:00:58.170163+00
3222ca84-f97c-43ac-98fb-545371da08d0,7dcc2d9d-6586-4370-a8ae-24e00a92e1c0,intent_allowed_persona,e83df5f5-ca35-4e5a-82ae-1f3059f21210,d1b3e52e-e4ad-4c78-8fbd-49a0bda33a71,{},2026-04-11 19:00:58.169656+00
1685edfd-429c-484e-b653-01495639c703,7dcc2d9d-6586-4370-a8ae-24e00a92e1c0,intent_allowed_persona,fc33d0a9-1b86-4399-8444-e70e9eb37bee,2304f574-84a4-4756-8370-02cc37044e90,{},2026-04-11 19:00:58.146467+00
639c8a90-a0aa-449c-ac2d-326fd50117cc,7dcc2d9d-6586-4370-a8ae-24e00a92e1c0,intent_allowed_persona,fc33d0a9-1b86-4399-8444-e70e9eb37bee,331bca7c-a260-47f8-9075-afc4f3770e84,{},2026-04-11 19:00:58.146784+00
2c555bf0-fd68-41c2-92fd-92004a53918f,7dcc2d9d-6586-4370-a8ae-24e00a92e1c0,intent_allowed_persona,fc33d0a9-1b86-4399-8444-e70e9eb37bee,b042bdfe-e4aa-4257-9feb-e161da2ca888,{},2026-04-11 19:00:58.147501+00
f14d4f28-e90b-46a6-b730-9d4303f3602b,7dcc2d9d-6586-4370-a8ae-24e00a92e1c0,intent_allowed_persona,fc33d0a9-1b86-4399-8444-e70e9eb37bee,c99d6ae4-1319-4b0a-b40a-d6fd53f32518,{},2026-04-11 19:00:58.147111+00
2b6faca4-d588-4943-95aa-99009617e40a,7dcc2d9d-6586-4370-a8ae-24e00a92e1c0,intent_allowed_persona,fc33d0a9-1b86-4399-8444-e70e9eb37bee,d1b3e52e-e4ad-4c78-8fbd-49a0bda33a71,{},2026-04-11 19:00:58.146192+00
b0fba13b-9044-4808-bd4d-7964d5e606a5,7dcc2d9d-6586-4370-a8ae-24e00a92e1c0,intent_targets_domain,2ba269f4-7ae0-4ec1-b635-44d445c5649b,574c01bf-7921-4f9b-bcee-4ea6eac677bc,{},2026-04-11 19:00:58.151+00
3e7c333f-9d7d-4b1e-96c3-3fe862fe0f87,7dcc2d9d-6586-4370-a8ae-24e00a92e1c0,intent_targets_domain,4265826a-96ae-45b9-b8c0-b387e7e4ba65,574c01bf-7921-4f9b-bcee-4ea6eac677bc,{},2026-04-11 19:00:58.148141+00
ab5c943f-b1f9-4c62-978f-1b4385ed13aa,7dcc2d9d-6586-4370-a8ae-24e00a92e1c0,intent_targets_domain,6be5f7cb-6db8-4562-b5d8-8fd2848782c4,7eecd653-4f79-4c52-8339-51a65e7d0cfa,{},2026-04-11 19:00:58.155659+00
3a66e6e7-9edf-4a44-a960-3c05a3062830,7dcc2d9d-6586-4370-a8ae-24e00a92e1c0,intent_targets_domain,725d0863-60c1-4516-80c0-5f5c92986e97,1b2838f5-4b9d-4920-907c-c3a3e29f8ad5,{},2026-04-11 19:00:58.152865+00
17ea08f1-346a-4251-890d-277cfae9ca3f,7dcc2d9d-6586-4370-a8ae-24e00a92e1c0,intent_targets_domain,784ea815-9005-4718-8f5c-546c6c2bfc48,c0062422-7795-496f-8f05-8f2db79c04f6,{},2026-04-11 19:00:58.158096+00
b5360461-984e-400e-bf77-61f7df620998,7dcc2d9d-6586-4370-a8ae-24e00a92e1c0,intent_targets_domain,7cdd02d9-b4e9-4eda-b795-fc8dfe2bf83e,6d5aba44-a58e-46c7-b4ad-e361eedf01f9,{},2026-04-11 19:00:58.164547+00
2180fbd2-7380-4640-90f1-af00e449f1a4,7dcc2d9d-6586-4370-a8ae-24e00a92e1c0,intent_targets_domain,7fd4c40b-95aa-4d80-b07d-89ed9986c92d,1b2838f5-4b9d-4920-907c-c3a3e29f8ad5,{},2026-04-11 19:00:58.154432+00
39aba3a5-66b6-4366-a093-0733a89367da,7dcc2d9d-6586-4370-a8ae-24e00a92e1c0,intent_targets_domain,8b24d96f-3193-4a78-a780-04a547021214,7eecd653-4f79-4c52-8339-51a65e7d0cfa,{},2026-04-11 19:00:58.156847+00
37e93e60-e347-4ee2-8df8-db7231242380,7dcc2d9d-6586-4370-a8ae-24e00a92e1c0,intent_targets_domain,90c08938-5c7b-4930-ae75-eac9c6743a4c,0d384a73-5eb2-46c5-8ad3-694f41996aff,{},2026-04-11 19:00:58.17073+00
d86de856-b2ef-4bbe-a1a1-55926e5c93c6,7dcc2d9d-6586-4370-a8ae-24e00a92e1c0,intent_targets_domain,98eab98b-beb3-4fbe-a51f-624345693ac5,c0062422-7795-496f-8f05-8f2db79c04f6,{},2026-04-11 19:00:58.159322+00
b2490cad-7db2-46c2-bd27-995bc6d57af1,7dcc2d9d-6586-4370-a8ae-24e00a92e1c0,intent_targets_domain,a7b3e165-e6ee-4ee8-8efb-65eb92a9f054,7153b8d5-131e-40ef-a1ad-2b87a6f92c2a,{},2026-04-11 19:00:58.143721+00
d2690c9f-060f-4c48-96ff-8e8b7837189c,7dcc2d9d-6586-4370-a8ae-24e00a92e1c0,intent_targets_domain,b5302425-9fb3-4ef2-98df-bb9b33c232c5,a713e6bf-0dc4-4d96-b9df-0b217ba22216,{},2026-04-11 19:00:58.166936+00
97ee4004-e4bc-4a1b-98d1-36baf7a345b8,7dcc2d9d-6586-4370-a8ae-24e00a92e1c0,intent_targets_domain,c49fbc62-7160-4920-a00a-bbc4cc10bbe9,c9500c37-1ae8-4e6a-9cfe-787a4dd3d915,{},2026-04-11 19:00:58.162451+00
20fdd3d7-d9a5-41b6-a785-2cce3e36a1ed,7dcc2d9d-6586-4370-a8ae-24e00a92e1c0,intent_targets_domain,d38780d0-7135-4bfd-a6f0-2ae5f81ee24b,6d5aba44-a58e-46c7-b4ad-e361eedf01f9,{},2026-04-11 19:00:58.165723+00
996226c0-019e-427a-8822-60e588577121,7dcc2d9d-6586-4370-a8ae-24e00a92e1c0,intent_targets_domain,de89ab54-f2c9-49a5-944d-28630a4ed27b,c9500c37-1ae8-4e6a-9cfe-787a4dd3d915,{},2026-04-11 19:00:58.160596+00
f1c3102e-62f4-416f-a465-dc1011be8de1,7dcc2d9d-6586-4370-a8ae-24e00a92e1c0,intent_targets_domain,e50af37d-7a71-4098-9710-d9cb1cfc069d,a713e6bf-0dc4-4d96-b9df-0b217ba22216,{},2026-04-11 19:00:58.168161+00
e3201f64-2e10-4208-9d0a-49dd70525c1a,7dcc2d9d-6586-4370-a8ae-24e00a92e1c0,intent_targets_domain,e83df5f5-ca35-4e5a-82ae-1f3059f21210,0d384a73-5eb2-46c5-8ad3-694f41996aff,{},2026-04-11 19:00:58.169485+00
c2d1e936-ee36-4325-a63d-2a75451dd1a6,7dcc2d9d-6586-4370-a8ae-24e00a92e1c0,intent_targets_domain,fc33d0a9-1b86-4399-8444-e70e9eb37bee,7153b8d5-131e-40ef-a1ad-2b87a6f92c2a,{},2026-04-11 19:00:58.145943+00
a001f607-34bf-4004-ad72-a1c4ce2c72b8,7dcc2d9d-6586-4370-a8ae-24e00a92e1c0,keyword_maps_domain,0b9da40a-fa29-491e-b389-a474ed142da7,574c01bf-7921-4f9b-bcee-4ea6eac677bc,{},2026-04-11 19:00:58.136537+00
d29a98c7-13e4-47ff-ad0d-59b1bacff7ea,7dcc2d9d-6586-4370-a8ae-24e00a92e1c0,keyword_maps_domain,12a61f42-aa11-45b1-95c3-5aa9f84a7343,7153b8d5-131e-40ef-a1ad-2b87a6f92c2a,{},2026-04-11 19:00:58.128032+00
cc5ba6f8-4929-485b-a3b4-df9c591b45a2,7dcc2d9d-6586-4370-a8ae-24e00a92e1c0,keyword_maps_domain,191513f7-2856-4d6f-8e4e-059ef1b8364e,c9500c37-1ae8-4e6a-9cfe-787a4dd3d915,{},2026-04-11 19:00:58.133705+00
0210ec5f-9f5d-4fcb-910f-d32816298afc,7dcc2d9d-6586-4370-a8ae-24e00a92e1c0,keyword_maps_domain,1d874cab-6481-43d5-8c9f-eec9aedea6a1,1b2838f5-4b9d-4920-907c-c3a3e29f8ad5,{},2026-04-11 19:00:58.139509+00
286fc47e-f685-4929-9703-a8c00670a201,7dcc2d9d-6586-4370-a8ae-24e00a92e1c0,keyword_maps_domain,21160440-692a-4211-be72-cf86e8cb4f16,1b2838f5-4b9d-4920-907c-c3a3e29f8ad5,{},2026-04-11 19:00:58.139207+00
355cb701-0625-4d5e-acce-8a1f3873eed9,7dcc2d9d-6586-4370-a8ae-24e00a92e1c0,keyword_maps_domain,2b54730e-ea73-4b71-8895-4adbe0d093b9,574c01bf-7921-4f9b-bcee-4ea6eac677bc,{},2026-04-11 19:00:58.137044+00
a9544356-6362-4773-99dc-243e09557b87,7dcc2d9d-6586-4370-a8ae-24e00a92e1c0,keyword_maps_domain,2b87e515-3645-468a-a7ca-66ecf2815a79,c0062422-7795-496f-8f05-8f2db79c04f6,{},2026-04-11 19:00:58.135643+00
c946b0ee-5924-4fa2-a875-5d975909ef41,7dcc2d9d-6586-4370-a8ae-24e00a92e1c0,keyword_maps_domain,2ccb2e38-1f6d-4670-bd38-27b06e2a2d6b,0d384a73-5eb2-46c5-8ad3-694f41996aff,{},2026-04-11 19:00:58.140567+00
7d5fb039-dfc8-4a74-a52c-5a5841e0dd73,7dcc2d9d-6586-4370-a8ae-24e00a92e1c0,keyword_maps_domain,3184e593-a1f3-498f-a9eb-e00accb61a9b,a713e6bf-0dc4-4d96-b9df-0b217ba22216,{},2026-04-11 19:00:58.130367+00
a1ad73a3-8766-49e0-9cfe-49c96a8b9f24,7dcc2d9d-6586-4370-a8ae-24e00a92e1c0,keyword_maps_domain,3cdd4419-fefc-4bf8-9a03-8d0052f30a75,a713e6bf-0dc4-4d96-b9df-0b217ba22216,{},2026-04-11 19:00:58.130055+00
2aaec225-269a-4184-a54b-1445b9fd19d9,7dcc2d9d-6586-4370-a8ae-24e00a92e1c0,keyword_maps_domain,40e37817-3341-4e19-bd52-4ab07f76bb42,0d384a73-5eb2-46c5-8ad3-694f41996aff,{},2026-04-11 19:00:58.140953+00
e2f5a973-5a13-477f-a075-df288f5ab39f,7dcc2d9d-6586-4370-a8ae-24e00a92e1c0,keyword_maps_domain,43952436-a79a-4b7f-a801-c784370e0665,574c01bf-7921-4f9b-bcee-4ea6eac677bc,{},2026-04-11 19:00:58.138294+00
5cbf98da-39e6-4258-b8bd-1f86c1806138,7dcc2d9d-6586-4370-a8ae-24e00a92e1c0,keyword_maps_domain,47a438db-28f3-4d5d-9d28-fdfe92fbccd2,a713e6bf-0dc4-4d96-b9df-0b217ba22216,{},2026-04-11 19:00:58.129729+00
4ba6e6c8-de47-42d5-8a70-f193b12432eb,7dcc2d9d-6586-4370-a8ae-24e00a92e1c0,keyword_maps_domain,48a0ff86-2345-43a9-9f60-238d7c1a0e43,c9500c37-1ae8-4e6a-9cfe-787a4dd3d915,{},2026-04-11 19:00:58.133382+00
7d97d515-3407-4613-a232-b7d7b1681c9c,7dcc2d9d-6586-4370-a8ae-24e00a92e1c0,keyword_maps_domain,4b0b7a65-7423-40ca-a67c-ee6db3bdf161,574c01bf-7921-4f9b-bcee-4ea6eac677bc,{},2026-04-11 19:00:58.13762+00
d25f0ce0-1bc8-405c-b156-33b56b691a84,7dcc2d9d-6586-4370-a8ae-24e00a92e1c0,keyword_maps_domain,4bfb0e29-3a71-4589-91f4-05416587eb14,7eecd653-4f79-4c52-8339-51a65e7d0cfa,{},2026-04-11 19:00:58.131305+00
193e21e7-e772-434b-b0df-7696c9822e90,7dcc2d9d-6586-4370-a8ae-24e00a92e1c0,keyword_maps_domain,57a3f0f0-e087-4dc2-be27-dc1bde1a67fd,1b2838f5-4b9d-4920-907c-c3a3e29f8ad5,{},2026-04-11 19:00:58.139826+00
5b98840c-821c-4613-aa72-0efe74b4bf5e,7dcc2d9d-6586-4370-a8ae-24e00a92e1c0,keyword_maps_domain,69f228c3-eaa5-4ca6-a0b7-286883c5bdfb,0d384a73-5eb2-46c5-8ad3-694f41996aff,{},2026-04-11 19:00:58.140136+00
b51ac2ab-bcac-4fc4-b73d-8d889e6a5fd6,7dcc2d9d-6586-4370-a8ae-24e00a92e1c0,keyword_maps_domain,7013b648-398f-420b-90a9-6138ff9c159d,6d5aba44-a58e-46c7-b4ad-e361eedf01f9,{},2026-04-11 19:00:58.132411+00
6dcede40-55df-4888-aabb-88b9e055e780,7dcc2d9d-6586-4370-a8ae-24e00a92e1c0,keyword_maps_domain,79087e90-1459-4f22-b40d-f8742fb2b96b,7eecd653-4f79-4c52-8339-51a65e7d0cfa,{},2026-04-11 19:00:58.131001+00
9a66f613-50a2-4176-b2b4-c0a93bbd7aa4,7dcc2d9d-6586-4370-a8ae-24e00a92e1c0,keyword_maps_domain,7fa71d6e-3bd0-46af-b5f2-b32635489e1f,c0062422-7795-496f-8f05-8f2db79c04f6,{},2026-04-11 19:00:58.136104+00
5d7679ee-09e0-4a98-9247-cdde110811a8,7dcc2d9d-6586-4370-a8ae-24e00a92e1c0,keyword_maps_domain,80ac57dc-7387-4c67-a241-7ef75527ca59,a713e6bf-0dc4-4d96-b9df-0b217ba22216,{},2026-04-11 19:00:58.129406+00
b23e8fb2-7813-4e21-96d8-d88d11212343,7dcc2d9d-6586-4370-a8ae-24e00a92e1c0,keyword_maps_domain,837bd1e1-d64c-40fe-a14d-c3e07e3735ab,0d384a73-5eb2-46c5-8ad3-694f41996aff,{},2026-04-11 19:00:58.143061+00
44f41a8b-0c19-4549-8542-b60259e57b3a,7dcc2d9d-6586-4370-a8ae-24e00a92e1c0,keyword_maps_domain,846fa22a-3201-4f1e-8cba-33d2aee5f41f,574c01bf-7921-4f9b-bcee-4ea6eac677bc,{},2026-04-11 19:00:58.13799+00
8a389850-11e0-4975-a061-9ba3e4f08f1e,7dcc2d9d-6586-4370-a8ae-24e00a92e1c0,keyword_maps_domain,944f8692-ba4b-41cd-b8ce-9c483e31fa79,6d5aba44-a58e-46c7-b4ad-e361eedf01f9,{},2026-04-11 19:00:58.132071+00
6552b3c4-7ef9-405d-8eb3-aec727df1fbc,7dcc2d9d-6586-4370-a8ae-24e00a92e1c0,keyword_maps_domain,9bf5daad-059f-461b-ad6d-1d4496e33313,c0062422-7795-496f-8f05-8f2db79c04f6,{},2026-04-11 19:00:58.13496+00
6e43ff6e-e1b5-4978-b1cf-bea9e32074be,7dcc2d9d-6586-4370-a8ae-24e00a92e1c0,keyword_maps_domain,a04cac97-a954-403b-b41a-2761b78b8db5,1b2838f5-4b9d-4920-907c-c3a3e29f8ad5,{},2026-04-11 19:00:58.138598+00
0a932e95-e64e-4cf7-acb2-879e851365b3,7dcc2d9d-6586-4370-a8ae-24e00a92e1c0,keyword_maps_domain,a685eff9-bf83-4eee-be5c-cee5daeb0767,c9500c37-1ae8-4e6a-9cfe-787a4dd3d915,{},2026-04-11 19:00:58.134027+00
1a2121fd-2da2-4f8d-a0a7-8f8eaef207f7,7dcc2d9d-6586-4370-a8ae-24e00a92e1c0,keyword_maps_domain,a7d09c41-d263-4424-9940-69a6bda943f8,7eecd653-4f79-4c52-8339-51a65e7d0cfa,{},2026-04-11 19:00:58.130673+00
88ad0023-74e5-4024-9fb1-a16c97420081,7dcc2d9d-6586-4370-a8ae-24e00a92e1c0,keyword_maps_domain,b65ce31c-4352-4781-a4f5-dd800b8a9924,c0062422-7795-496f-8f05-8f2db79c04f6,{},2026-04-11 19:00:58.135263+00
008bd1d4-b549-45e2-89e2-062f8fda734f,7dcc2d9d-6586-4370-a8ae-24e00a92e1c0,keyword_maps_domain,bc4fe874-e94c-4d31-95e4-be17618549a6,1b2838f5-4b9d-4920-907c-c3a3e29f8ad5,{},2026-04-11 19:00:58.138906+00
1c238dae-59b9-48a7-876e-ecde662ec43c,7dcc2d9d-6586-4370-a8ae-24e00a92e1c0,keyword_maps_domain,c0614496-e5e0-4c22-b034-c75bf7261783,6d5aba44-a58e-46c7-b4ad-e361eedf01f9,{},2026-04-11 19:00:58.133066+00
de6c7fb1-ba8e-48b2-8f11-072aeb70ec28,7dcc2d9d-6586-4370-a8ae-24e00a92e1c0,keyword_maps_domain,cbb0399e-57a0-445d-a6ae-d37e020a11b0,6d5aba44-a58e-46c7-b4ad-e361eedf01f9,{},2026-04-11 19:00:58.132729+00
b4ba99e4-a31a-4451-a811-351361e277df,7dcc2d9d-6586-4370-a8ae-24e00a92e1c0,keyword_maps_domain,cd443e8a-fe11-41e2-9d8c-7bc4451ca58a,7153b8d5-131e-40ef-a1ad-2b87a6f92c2a,{},2026-04-11 19:00:58.128843+00
29c6eecc-bbca-448a-a74d-8879fed1df63,7dcc2d9d-6586-4370-a8ae-24e00a92e1c0,keyword_maps_domain,dec0ee32-1072-4f7b-b733-32a65f4fddbc,c9500c37-1ae8-4e6a-9cfe-787a4dd3d915,{},2026-04-11 19:00:58.134319+00
9f90bb42-8075-4d3e-825c-a4374bc88223,7dcc2d9d-6586-4370-a8ae-24e00a92e1c0,keyword_maps_domain,e2732167-5bbe-42b8-bb0b-76a62799c1c7,7eecd653-4f79-4c52-8339-51a65e7d0cfa,{},2026-04-11 19:00:58.131668+00
bdaa6e66-445a-4826-83b1-3f4ff31636f2,7dcc2d9d-6586-4370-a8ae-24e00a92e1c0,keyword_maps_domain,e33c1fa6-5887-4d5e-a306-8ce9908b276f,7153b8d5-131e-40ef-a1ad-2b87a6f92c2a,{},2026-04-11 19:00:58.129093+00
3ee399d6-cf6c-4311-86d0-01d9189345de,7dcc2d9d-6586-4370-a8ae-24e00a92e1c0,keyword_maps_domain,f2050af6-64c5-46ea-a8b0-df053731f4ab,7153b8d5-131e-40ef-a1ad-2b87a6f92c2a,{},2026-04-11 19:00:58.12859+00
6b52b701-e9ff-486d-8bcc-0d75af9155e4,7dcc2d9d-6586-4370-a8ae-24e00a92e1c0,keyword_maps_domain,fb673bd4-cf3a-441a-8dda-e388816bee48,7153b8d5-131e-40ef-a1ad-2b87a6f92c2a,{},2026-04-11 19:00:58.128339+00
83afb5dd-ad65-44db-8133-b11fbab8f9f0,7dcc2d9d-6586-4370-a8ae-24e00a92e1c0,keyword_maps_domain,ff7496cc-0326-402b-a966-8e0976c48ff2,c0062422-7795-496f-8f05-8f2db79c04f6,{},2026-04-11 19:00:58.134637+00
4f9bb9ab-095b-4ce2-a06c-fb1e91ed5c9e,7dcc2d9d-6586-4370-a8ae-24e00a92e1c0,persona_maps_role_policy,2304f574-84a4-4756-8370-02cc37044e90,189385a0-325b-4b91-a297-d08de44265ed,{},2026-04-11 19:00:58.112422+00
6bf0c9d8-0850-4d44-a85a-5af10141eb5a,7dcc2d9d-6586-4370-a8ae-24e00a92e1c0,persona_maps_role_policy,331bca7c-a260-47f8-9075-afc4f3770e84,71d1b001-f258-4765-9d6f-994761f362e2,{},2026-04-11 19:00:58.115985+00
7d35fdde-476f-4813-9e6c-6d225f28a611,7dcc2d9d-6586-4370-a8ae-24e00a92e1c0,persona_maps_role_policy,b042bdfe-e4aa-4257-9feb-e161da2ca888,fe9236e1-bda2-42fa-bb23-dc2b11ead970,{},2026-04-11 19:00:58.110894+00
a388663e-a109-4dcf-b60d-46f39c10f993,7dcc2d9d-6586-4370-a8ae-24e00a92e1c0,persona_maps_role_policy,c99d6ae4-1319-4b0a-b40a-d6fd53f32518,013b2a9e-7e92-4cd8-89c8-4e385274d21a,{},2026-04-11 19:00:58.110063+00
a30c66cb-8158-40ee-8b23-c2dbec769c81,7dcc2d9d-6586-4370-a8ae-24e00a92e1c0,persona_maps_role_policy,cd021002-15ab-4d09-86e8-9e9f345471a2,5f3589b8-97f4-4377-b6bd-c03c8d981b3f,{},2026-04-11 19:00:58.127677+00
4baa8d5f-bc90-4ef7-b9d9-3368ba72d06e,7dcc2d9d-6586-4370-a8ae-24e00a92e1c0,persona_maps_role_policy,d1b3e52e-e4ad-4c78-8fbd-49a0bda33a71,ba190c57-0116-4fdc-9ab1-cbae9bd3622f,{},2026-04-11 19:00:58.11702+00
759c12cd-4309-40d4-beb1-0f20988ef7a8,7dcc2d9d-6586-4370-a8ae-24e00a92e1c0,role_allows_domain,013b2a9e-7e92-4cd8-89c8-4e385274d21a,0d384a73-5eb2-46c5-8ad3-694f41996aff,{},2026-04-11 19:00:58.100624+00
014d2006-4bd8-4b11-84c7-80eba640772e,7dcc2d9d-6586-4370-a8ae-24e00a92e1c0,role_allows_domain,013b2a9e-7e92-4cd8-89c8-4e385274d21a,1b2838f5-4b9d-4920-907c-c3a3e29f8ad5,{},2026-04-11 19:00:58.099465+00
6e661fb3-7b30-4981-b531-e55d2b2ed536,7dcc2d9d-6586-4370-a8ae-24e00a92e1c0,role_allows_domain,013b2a9e-7e92-4cd8-89c8-4e385274d21a,574c01bf-7921-4f9b-bcee-4ea6eac677bc,{},2026-04-11 19:00:58.099077+00
514654da-0862-409b-b078-24e5ce731c24,7dcc2d9d-6586-4370-a8ae-24e00a92e1c0,role_allows_domain,013b2a9e-7e92-4cd8-89c8-4e385274d21a,6d5aba44-a58e-46c7-b4ad-e361eedf01f9,{},2026-04-11 19:00:58.100226+00
7b9404fc-dd30-4575-ae24-05e98295841c,7dcc2d9d-6586-4370-a8ae-24e00a92e1c0,role_allows_domain,013b2a9e-7e92-4cd8-89c8-4e385274d21a,7eecd653-4f79-4c52-8339-51a65e7d0cfa,{},2026-04-11 19:00:58.098671+00
01c2b821-570c-4a9b-9589-03e5707ccc8a,7dcc2d9d-6586-4370-a8ae-24e00a92e1c0,role_allows_domain,013b2a9e-7e92-4cd8-89c8-4e385274d21a,c0062422-7795-496f-8f05-8f2db79c04f6,{},2026-04-11 19:00:58.099844+00
99ff246d-a93c-4c03-80b5-08ea58d1a8ed,7dcc2d9d-6586-4370-a8ae-24e00a92e1c0,role_allows_domain,189385a0-325b-4b91-a297-d08de44265ed,0d384a73-5eb2-46c5-8ad3-694f41996aff,{},2026-04-11 19:00:58.105194+00
35f21701-b3fc-428d-aa89-33f236f6ac0c,7dcc2d9d-6586-4370-a8ae-24e00a92e1c0,role_allows_domain,189385a0-325b-4b91-a297-d08de44265ed,7153b8d5-131e-40ef-a1ad-2b87a6f92c2a,{},2026-04-11 19:00:58.104843+00
b82e0690-a2ce-452d-a9e0-89a37321a371,7dcc2d9d-6586-4370-a8ae-24e00a92e1c0,role_allows_domain,189385a0-325b-4b91-a297-d08de44265ed,c9500c37-1ae8-4e6a-9cfe-787a4dd3d915,{},2026-04-11 19:00:58.105014+00
91dee5a2-5c54-4e15-8b33-f9afc476c3b2,7dcc2d9d-6586-4370-a8ae-24e00a92e1c0,role_allows_domain,5f3589b8-97f4-4377-b6bd-c03c8d981b3f,0d384a73-5eb2-46c5-8ad3-694f41996aff,{},2026-04-11 19:00:58.107246+00
4c02b160-13e8-4cbe-8aa0-c85892078d7d,7dcc2d9d-6586-4370-a8ae-24e00a92e1c0,role_allows_domain,5f3589b8-97f4-4377-b6bd-c03c8d981b3f,1b2838f5-4b9d-4920-907c-c3a3e29f8ad5,{},2026-04-11 19:00:58.106017+00
cf3fcacd-0355-4b19-88fd-48e5ed954c3d,7dcc2d9d-6586-4370-a8ae-24e00a92e1c0,role_allows_domain,5f3589b8-97f4-4377-b6bd-c03c8d981b3f,574c01bf-7921-4f9b-bcee-4ea6eac677bc,{},2026-04-11 19:00:58.105824+00
cb042b83-661d-4ea9-ab4e-6b1577cab804,7dcc2d9d-6586-4370-a8ae-24e00a92e1c0,role_allows_domain,5f3589b8-97f4-4377-b6bd-c03c8d981b3f,6d5aba44-a58e-46c7-b4ad-e361eedf01f9,{},2026-04-11 19:00:58.106762+00
58a83ee7-d2a9-4730-89bc-fdf6cfc5f53d,7dcc2d9d-6586-4370-a8ae-24e00a92e1c0,role_allows_domain,5f3589b8-97f4-4377-b6bd-c03c8d981b3f,7153b8d5-131e-40ef-a1ad-2b87a6f92c2a,{},2026-04-11 19:00:58.105647+00
4bbc34f2-cadd-4c32-95ad-d4748f1b084b,7dcc2d9d-6586-4370-a8ae-24e00a92e1c0,role_allows_domain,5f3589b8-97f4-4377-b6bd-c03c8d981b3f,7eecd653-4f79-4c52-8339-51a65e7d0cfa,{},2026-04-11 19:00:58.10621+00
c008a2a0-a34d-4c8e-990e-f608c6cfbcef,7dcc2d9d-6586-4370-a8ae-24e00a92e1c0,role_allows_domain,5f3589b8-97f4-4377-b6bd-c03c8d981b3f,a713e6bf-0dc4-4d96-b9df-0b217ba22216,{},2026-04-11 19:00:58.107061+00
1c498858-46d0-490a-95aa-a60127eb77e8,7dcc2d9d-6586-4370-a8ae-24e00a92e1c0,role_allows_domain,5f3589b8-97f4-4377-b6bd-c03c8d981b3f,c0062422-7795-496f-8f05-8f2db79c04f6,{},2026-04-11 19:00:58.106391+00
336de515-584a-4076-97c5-78318becd9d2,7dcc2d9d-6586-4370-a8ae-24e00a92e1c0,role_allows_domain,5f3589b8-97f4-4377-b6bd-c03c8d981b3f,c9500c37-1ae8-4e6a-9cfe-787a4dd3d915,{},2026-04-11 19:00:58.106567+00
df3aa22a-e473-4886-843c-572fc791d9be,7dcc2d9d-6586-4370-a8ae-24e00a92e1c0,role_allows_domain,71d1b001-f258-4765-9d6f-994761f362e2,0d384a73-5eb2-46c5-8ad3-694f41996aff,{},2026-04-11 19:00:58.101907+00
5f49f72f-3fb1-417d-9982-5bd313275e0a,7dcc2d9d-6586-4370-a8ae-24e00a92e1c0,role_allows_domain,71d1b001-f258-4765-9d6f-994761f362e2,7153b8d5-131e-40ef-a1ad-2b87a6f92c2a,{},2026-04-11 19:00:58.101294+00
e40a2e45-6cc3-4b54-971d-8197a46a75e7,7dcc2d9d-6586-4370-a8ae-24e00a92e1c0,role_allows_domain,71d1b001-f258-4765-9d6f-994761f362e2,c9500c37-1ae8-4e6a-9cfe-787a4dd3d915,{},2026-04-11 19:00:58.101636+00
13772efb-ccbb-475c-8bdf-0cbf0e1e1a81,7dcc2d9d-6586-4370-a8ae-24e00a92e1c0,role_allows_domain,ba190c57-0116-4fdc-9ab1-cbae9bd3622f,0d384a73-5eb2-46c5-8ad3-694f41996aff,{},2026-04-11 19:00:58.107975+00
1c8dc5ec-0152-443c-ac6c-98db594133c1,7dcc2d9d-6586-4370-a8ae-24e00a92e1c0,role_allows_domain,ba190c57-0116-4fdc-9ab1-cbae9bd3622f,6d5aba44-a58e-46c7-b4ad-e361eedf01f9,{},2026-04-11 19:00:58.109058+00
f885418d-a1c2-4b78-883a-186808e48724,7dcc2d9d-6586-4370-a8ae-24e00a92e1c0,role_allows_domain,ba190c57-0116-4fdc-9ab1-cbae9bd3622f,7153b8d5-131e-40ef-a1ad-2b87a6f92c2a,{},2026-04-11 19:00:58.107794+00
3fa98933-88bb-44ee-a051-083fc16cc0eb,7dcc2d9d-6586-4370-a8ae-24e00a92e1c0,role_allows_domain,fe9236e1-bda2-42fa-bb23-dc2b11ead970,0d384a73-5eb2-46c5-8ad3-694f41996aff,{},2026-04-11 19:00:58.104341+00
a7e1deee-7a6a-433d-8698-1537ca4ac72c,7dcc2d9d-6586-4370-a8ae-24e00a92e1c0,role_allows_domain,fe9236e1-bda2-42fa-bb23-dc2b11ead970,1b2838f5-4b9d-4920-907c-c3a3e29f8ad5,{},2026-04-11 19:00:58.103299+00
c7472d72-f23c-4d0f-832b-11a2e1455d07,7dcc2d9d-6586-4370-a8ae-24e00a92e1c0,role_allows_domain,fe9236e1-bda2-42fa-bb23-dc2b11ead970,574c01bf-7921-4f9b-bcee-4ea6eac677bc,{},2026-04-11 19:00:58.103133+00
054133c5-9cd1-4996-83ae-f9486a3519b4,7dcc2d9d-6586-4370-a8ae-24e00a92e1c0,role_allows_domain,fe9236e1-bda2-42fa-bb23-dc2b11ead970,6d5aba44-a58e-46c7-b4ad-e361eedf01f9,{},2026-04-11 19:00:58.104094+00
2e6d2527-381f-4da1-80ec-cffb31394f88,7dcc2d9d-6586-4370-a8ae-24e00a92e1c0,role_allows_domain,fe9236e1-bda2-42fa-bb23-dc2b11ead970,7153b8d5-131e-40ef-a1ad-2b87a6f92c2a,{},2026-04-11 19:00:58.102964+00
9ec7e94b-aef9-43ea-b572-14909e7eced3,7dcc2d9d-6586-4370-a8ae-24e00a92e1c0,role_allows_domain,fe9236e1-bda2-42fa-bb23-dc2b11ead970,7eecd653-4f79-4c52-8339-51a65e7d0cfa,{},2026-04-11 19:00:58.103495+00
db40abff-044d-4ed3-8e3b-07579ecb51ee,7dcc2d9d-6586-4370-a8ae-24e00a92e1c0,role_allows_domain,fe9236e1-bda2-42fa-bb23-dc2b11ead970,c0062422-7795-496f-8f05-8f2db79c04f6,{},2026-04-11 19:00:58.103725+00
1f099cc9-d70e-4a14-af42-8e1647ef1d69,7dcc2d9d-6586-4370-a8ae-24e00a92e1c0,role_allows_domain,fe9236e1-bda2-42fa-bb23-dc2b11ead970,c9500c37-1ae8-4e6a-9cfe-787a4dd3d915,{},2026-04-11 19:00:58.103915+00
96ad9129-1ff0-4b0f-aefc-cfc0e4357ccb,7dcc2d9d-6586-4370-a8ae-24e00a92e1c0,template_allowed_persona,032c6ded-3630-4ab3-a2bb-da043385a765,b042bdfe-e4aa-4257-9feb-e161da2ca888,{},2026-04-11 19:00:58.193845+00
c294a68c-7831-468c-ba15-f93d3733de29,7dcc2d9d-6586-4370-a8ae-24e00a92e1c0,template_allowed_persona,032c6ded-3630-4ab3-a2bb-da043385a765,c99d6ae4-1319-4b0a-b40a-d6fd53f32518,{},2026-04-11 19:00:58.193651+00
827e7bd5-c63e-4a24-a334-c7e47b719a67,7dcc2d9d-6586-4370-a8ae-24e00a92e1c0,template_allowed_persona,032c6ded-3630-4ab3-a2bb-da043385a765,cd021002-15ab-4d09-86e8-9e9f345471a2,{},2026-04-11 19:00:58.193481+00
7dbd453a-154d-41fd-b2b5-8de024c409fc,7dcc2d9d-6586-4370-a8ae-24e00a92e1c0,template_allowed_persona,0ef8f9d1-0f3b-4fd8-a80b-8a6acebcd6ff,b042bdfe-e4aa-4257-9feb-e161da2ca888,{},2026-04-11 19:00:58.19124+00
329a78e4-ae44-4472-9f9a-29b05a13a7bd,7dcc2d9d-6586-4370-a8ae-24e00a92e1c0,template_allowed_persona,0ef8f9d1-0f3b-4fd8-a80b-8a6acebcd6ff,c99d6ae4-1319-4b0a-b40a-d6fd53f32518,{},2026-04-11 19:00:58.191411+00
75e1646d-b49f-449a-b2a9-0f7f571a0027,7dcc2d9d-6586-4370-a8ae-24e00a92e1c0,template_allowed_persona,0ef8f9d1-0f3b-4fd8-a80b-8a6acebcd6ff,cd021002-15ab-4d09-86e8-9e9f345471a2,{},2026-04-11 19:00:58.191069+00
bcb49d3c-8fde-4561-806c-53393df2acba,7dcc2d9d-6586-4370-a8ae-24e00a92e1c0,template_allowed_persona,1eee662e-91f9-46d9-a41d-859a31dd2aaa,b042bdfe-e4aa-4257-9feb-e161da2ca888,{},2026-04-11 19:00:58.182095+00
795c6a78-68a1-4ef5-9008-c8d161fdcabd,7dcc2d9d-6586-4370-a8ae-24e00a92e1c0,template_allowed_persona,1eee662e-91f9-46d9-a41d-859a31dd2aaa,c99d6ae4-1319-4b0a-b40a-d6fd53f32518,{},2026-04-11 19:00:58.181909+00
e4eeaca1-5b83-4ba5-87cd-c7c9b2a5f7f1,7dcc2d9d-6586-4370-a8ae-24e00a92e1c0,template_allowed_persona,1eee662e-91f9-46d9-a41d-859a31dd2aaa,cd021002-15ab-4d09-86e8-9e9f345471a2,{},2026-04-11 19:00:58.181732+00
8dcfe75d-afb9-4a97-9c56-a3edf0da38f1,7dcc2d9d-6586-4370-a8ae-24e00a92e1c0,template_allowed_persona,511ee646-52fd-4597-a984-645c02162275,b042bdfe-e4aa-4257-9feb-e161da2ca888,{},2026-04-11 19:00:58.187405+00
5b7e204e-b911-4550-9af6-6104544c774f,7dcc2d9d-6586-4370-a8ae-24e00a92e1c0,template_allowed_persona,511ee646-52fd-4597-a984-645c02162275,cd021002-15ab-4d09-86e8-9e9f345471a2,{},2026-04-11 19:00:58.187213+00
40679179-cb2b-40f1-b524-b23fa07c03aa,7dcc2d9d-6586-4370-a8ae-24e00a92e1c0,template_allowed_persona,585b8348-6700-465f-8d3b-084f98f23592,b042bdfe-e4aa-4257-9feb-e161da2ca888,{},2026-04-11 19:00:58.18577+00
5ad49ba6-8868-48f1-b15d-e198c6872226,7dcc2d9d-6586-4370-a8ae-24e00a92e1c0,template_allowed_persona,585b8348-6700-465f-8d3b-084f98f23592,c99d6ae4-1319-4b0a-b40a-d6fd53f32518,{},2026-04-11 19:00:58.185573+00
ffdde0d7-30f1-4fc8-b901-a1f00ee3ec98,7dcc2d9d-6586-4370-a8ae-24e00a92e1c0,template_allowed_persona,585b8348-6700-465f-8d3b-084f98f23592,cd021002-15ab-4d09-86e8-9e9f345471a2,{},2026-04-11 19:00:58.185403+00
affcfd2c-1f21-4351-814b-2f892d3ea492,7dcc2d9d-6586-4370-a8ae-24e00a92e1c0,template_allowed_persona,7c98fa47-f39e-439b-a235-1e22e48f8253,c99d6ae4-1319-4b0a-b40a-d6fd53f32518,{},2026-04-11 19:00:58.192264+00
f5e2376f-272c-4a4f-be08-f07b3cd31305,7dcc2d9d-6586-4370-a8ae-24e00a92e1c0,template_allowed_persona,7c98fa47-f39e-439b-a235-1e22e48f8253,cd021002-15ab-4d09-86e8-9e9f345471a2,{},2026-04-11 19:00:58.192088+00
add71768-3532-47aa-938a-ea45b645c940,7dcc2d9d-6586-4370-a8ae-24e00a92e1c0,template_allowed_persona,88cd2a04-a473-463f-bba9-9baded2745b0,c99d6ae4-1319-4b0a-b40a-d6fd53f32518,{},2026-04-11 19:00:58.183239+00
d03979c5-6ef0-4ae2-a113-9b8809b9fe66,7dcc2d9d-6586-4370-a8ae-24e00a92e1c0,template_allowed_persona,88cd2a04-a473-463f-bba9-9baded2745b0,cd021002-15ab-4d09-86e8-9e9f345471a2,{},2026-04-11 19:00:58.183066+00
8dae668d-db32-4625-9a0d-56440a023002,7dcc2d9d-6586-4370-a8ae-24e00a92e1c0,template_allowed_persona,d4d2d36f-2bad-47cc-82c4-542688227ccb,b042bdfe-e4aa-4257-9feb-e161da2ca888,{},2026-04-11 19:00:58.1786+00
f315c377-662b-42f1-a777-e46c90f643e7,7dcc2d9d-6586-4370-a8ae-24e00a92e1c0,template_allowed_persona,d4d2d36f-2bad-47cc-82c4-542688227ccb,c99d6ae4-1319-4b0a-b40a-d6fd53f32518,{},2026-04-11 19:00:58.178805+00
cb94f6e0-9266-4a3a-98fd-20fa4b0d4e4d,7dcc2d9d-6586-4370-a8ae-24e00a92e1c0,template_allowed_persona,d4d2d36f-2bad-47cc-82c4-542688227ccb,cd021002-15ab-4d09-86e8-9e9f345471a2,{},2026-04-11 19:00:58.178413+00
4a3ef3a0-bf64-4e64-b4aa-916940e31b2b,7dcc2d9d-6586-4370-a8ae-24e00a92e1c0,template_allowed_persona,d5315996-143f-4e71-a9ee-0e64a2bf3d7f,c99d6ae4-1319-4b0a-b40a-d6fd53f32518,{},2026-04-11 19:00:58.184239+00
3c955aaa-b001-4f88-80de-a1c46384538c,7dcc2d9d-6586-4370-a8ae-24e00a92e1c0,template_allowed_persona,d5315996-143f-4e71-a9ee-0e64a2bf3d7f,cd021002-15ab-4d09-86e8-9e9f345471a2,{},2026-04-11 19:00:58.184058+00
61bd0fb2-c223-4782-8ede-67bf706ba265,7dcc2d9d-6586-4370-a8ae-24e00a92e1c0,template_allowed_persona,d9c3f065-4c67-4ad2-957f-63b5153f295b,b042bdfe-e4aa-4257-9feb-e161da2ca888,{},2026-04-11 19:00:58.180488+00
b743266a-fed3-4ae8-b826-b6457dc3fb4a,7dcc2d9d-6586-4370-a8ae-24e00a92e1c0,template_allowed_persona,d9c3f065-4c67-4ad2-957f-63b5153f295b,cd021002-15ab-4d09-86e8-9e9f345471a2,{},2026-04-11 19:00:58.180321+00
2bfc47ff-bf07-48b1-974a-238be3c8e99f,7dcc2d9d-6586-4370-a8ae-24e00a92e1c0,template_allowed_persona,dab92e87-3b17-4019-88dd-0b7ef1fad11e,c99d6ae4-1319-4b0a-b40a-d6fd53f32518,{},2026-04-11 19:00:58.190079+00
f7aeaaf6-0244-4dff-a70f-4ce865c3f766,7dcc2d9d-6586-4370-a8ae-24e00a92e1c0,template_allowed_persona,dab92e87-3b17-4019-88dd-0b7ef1fad11e,cd021002-15ab-4d09-86e8-9e9f345471a2,{},2026-04-11 19:00:58.189889+00
4c517354-db4c-4354-a166-dcf934389b83,7dcc2d9d-6586-4370-a8ae-24e00a92e1c0,template_allowed_persona,ddf7b096-a083-4d2f-9114-16cf6cf7df42,c99d6ae4-1319-4b0a-b40a-d6fd53f32518,{},2026-04-11 19:00:58.188841+00
a57a3ce2-5875-43ef-a476-122e2829c0c6,7dcc2d9d-6586-4370-a8ae-24e00a92e1c0,template_allowed_persona,ddf7b096-a083-4d2f-9114-16cf6cf7df42,cd021002-15ab-4d09-86e8-9e9f345471a2,{},2026-04-11 19:00:58.188666+00
d49828a2-b011-4b37-a162-a8cc43481c7b,7dcc2d9d-6586-4370-a8ae-24e00a92e1c0,template_requires_scope,032c6ded-3630-4ab3-a2bb-da043385a765,7d0f2c37-1626-4eb7-aca4-bfe2ac7eab02,{},2026-04-11 19:00:58.194138+00
5426b0fd-e4e4-4565-afb7-aa447348c4b3,7dcc2d9d-6586-4370-a8ae-24e00a92e1c0,template_requires_scope,032c6ded-3630-4ab3-a2bb-da043385a765,f00f0b9d-98d4-49b5-9607-8dc3308843dd,{},2026-04-11 19:00:58.194524+00
845eb8d9-854f-4e3d-b180-5a049917eac2,7dcc2d9d-6586-4370-a8ae-24e00a92e1c0,template_requires_scope,0ef8f9d1-0f3b-4fd8-a80b-8a6acebcd6ff,f00f0b9d-98d4-49b5-9607-8dc3308843dd,{},2026-04-11 19:00:58.191606+00
0329e248-5652-4de7-8a2d-2506491688ff,7dcc2d9d-6586-4370-a8ae-24e00a92e1c0,template_requires_scope,1eee662e-91f9-46d9-a41d-859a31dd2aaa,13693c5b-c899-4691-8afa-1a5c9b800e66,{},2026-04-11 19:00:58.182405+00
85233205-f4f4-4d87-b603-fc5b1afdb32e,7dcc2d9d-6586-4370-a8ae-24e00a92e1c0,template_requires_scope,1eee662e-91f9-46d9-a41d-859a31dd2aaa,63eba196-391d-4f4e-bf97-cc52b2e10190,{},2026-04-11 19:00:58.182586+00
7d10501e-f213-442b-839f-e77e6400d08c,7dcc2d9d-6586-4370-a8ae-24e00a92e1c0,template_requires_scope,511ee646-52fd-4597-a984-645c02162275,1e96f06d-4430-482c-9228-d6403c91383d,{},2026-04-11 19:00:58.18794+00
eda15a28-030c-49b0-8413-7a10b2c25dc0,7dcc2d9d-6586-4370-a8ae-24e00a92e1c0,template_requires_scope,511ee646-52fd-4597-a984-645c02162275,63eba196-391d-4f4e-bf97-cc52b2e10190,{},2026-04-11 19:00:58.188167+00
6569dddd-6d49-40fd-86cb-6c4cba471a6d,7dcc2d9d-6586-4370-a8ae-24e00a92e1c0,template_requires_scope,511ee646-52fd-4597-a984-645c02162275,f00f0b9d-98d4-49b5-9607-8dc3308843dd,{},2026-04-11 19:00:58.187586+00
1cbbef6f-b4a8-4fb6-9451-655b981ff75c,7dcc2d9d-6586-4370-a8ae-24e00a92e1c0,template_requires_scope,585b8348-6700-465f-8d3b-084f98f23592,1454381f-e8f5-47ac-8b20-4cacefc996e2,{},2026-04-11 19:00:58.186409+00
c69aa2ec-db47-4920-91de-0f0d4d00366a,7dcc2d9d-6586-4370-a8ae-24e00a92e1c0,template_requires_scope,585b8348-6700-465f-8d3b-084f98f23592,90fa8eaa-58b2-4d4a-b099-bb493302e157,{},2026-04-11 19:00:58.18609+00
7e360106-a7bc-49c0-af9b-b6edc604b1e2,7dcc2d9d-6586-4370-a8ae-24e00a92e1c0,template_requires_scope,585b8348-6700-465f-8d3b-084f98f23592,b082e4d7-459f-4c64-8c0d-d84b6b333a9b,{},2026-04-11 19:00:58.186731+00
de2c930f-c66d-4a86-81ad-034427950f5b,7dcc2d9d-6586-4370-a8ae-24e00a92e1c0,template_requires_scope,7c98fa47-f39e-439b-a235-1e22e48f8253,340cd507-ed76-4653-9e8a-c9a729081b93,{},2026-04-11 19:00:58.192946+00
f27e008e-b748-41a0-a19c-9644c747b7e7,7dcc2d9d-6586-4370-a8ae-24e00a92e1c0,template_requires_scope,7c98fa47-f39e-439b-a235-1e22e48f8253,90fa8eaa-58b2-4d4a-b099-bb493302e157,{},2026-04-11 19:00:58.192461+00
8eb2942c-ee5f-400e-83fe-493a7fdf9cf8,7dcc2d9d-6586-4370-a8ae-24e00a92e1c0,template_requires_scope,7c98fa47-f39e-439b-a235-1e22e48f8253,bf7f2fc7-f81f-4c71-9fa5-b96f87a3d414,{},2026-04-11 19:00:58.192765+00
f2eafaac-9587-43d0-ac9b-7ebd820fac2c,7dcc2d9d-6586-4370-a8ae-24e00a92e1c0,template_requires_scope,88cd2a04-a473-463f-bba9-9baded2745b0,cb771ae8-276c-47e8-8c93-fbf9e4222e88,{},2026-04-11 19:00:58.183406+00
8fbc8603-783c-439b-b3e7-3d8b7edc7011,7dcc2d9d-6586-4370-a8ae-24e00a92e1c0,template_requires_scope,88cd2a04-a473-463f-bba9-9baded2745b0,f00f0b9d-98d4-49b5-9607-8dc3308843dd,{},2026-04-11 19:00:58.183595+00
d4f50f29-2150-4342-ae11-bd6ec41b6559,7dcc2d9d-6586-4370-a8ae-24e00a92e1c0,template_requires_scope,d4d2d36f-2bad-47cc-82c4-542688227ccb,63eba196-391d-4f4e-bf97-cc52b2e10190,{},2026-04-11 19:00:58.179124+00
d88c543a-2a08-4558-9a92-ca4b13cb81a6,7dcc2d9d-6586-4370-a8ae-24e00a92e1c0,template_requires_scope,d4d2d36f-2bad-47cc-82c4-542688227ccb,cb771ae8-276c-47e8-8c93-fbf9e4222e88,{},2026-04-11 19:00:58.179447+00
91cadc0f-38b4-4e75-b1cc-324a34f7fd4b,7dcc2d9d-6586-4370-a8ae-24e00a92e1c0,template_requires_scope,d4d2d36f-2bad-47cc-82c4-542688227ccb,f00f0b9d-98d4-49b5-9607-8dc3308843dd,{},2026-04-11 19:00:58.179838+00
22397223-3f1a-4688-a871-8f80b1fb035e,7dcc2d9d-6586-4370-a8ae-24e00a92e1c0,template_requires_scope,d5315996-143f-4e71-a9ee-0e64a2bf3d7f,340cd507-ed76-4653-9e8a-c9a729081b93,{},2026-04-11 19:00:58.184931+00
cfea0315-bafa-40f4-9f6e-7457e1aeafaa,7dcc2d9d-6586-4370-a8ae-24e00a92e1c0,template_requires_scope,d5315996-143f-4e71-a9ee-0e64a2bf3d7f,7be031f4-1006-468b-963e-61614efd49d5,{},2026-04-11 19:00:58.18461+00
6211009c-e60a-4192-ab28-0ea67178a174,7dcc2d9d-6586-4370-a8ae-24e00a92e1c0,template_requires_scope,d9c3f065-4c67-4ad2-957f-63b5153f295b,63eba196-391d-4f4e-bf97-cc52b2e10190,{},2026-04-11 19:00:58.180656+00
bd13dbf5-5eb6-4ad7-af85-bc67b0bd9d9a,7dcc2d9d-6586-4370-a8ae-24e00a92e1c0,template_requires_scope,d9c3f065-4c67-4ad2-957f-63b5153f295b,cb771ae8-276c-47e8-8c93-fbf9e4222e88,{},2026-04-11 19:00:58.180854+00
a2842cf3-a0bd-42c8-b2a8-eacfa3d48d34,7dcc2d9d-6586-4370-a8ae-24e00a92e1c0,template_requires_scope,d9c3f065-4c67-4ad2-957f-63b5153f295b,d4415e97-cfa0-4989-94fa-acaf73266324,{},2026-04-11 19:00:58.181266+00
02a55238-fab8-473a-ab5e-8b2a6333c589,7dcc2d9d-6586-4370-a8ae-24e00a92e1c0,template_requires_scope,dab92e87-3b17-4019-88dd-0b7ef1fad11e,23bda6a5-1b8d-48fe-a57b-b4c833e5697c,{},2026-04-11 19:00:58.190385+00
ec3c0c93-eb10-48e9-8a6a-61831188db5f,7dcc2d9d-6586-4370-a8ae-24e00a92e1c0,template_requires_scope,dab92e87-3b17-4019-88dd-0b7ef1fad11e,7be031f4-1006-468b-963e-61614efd49d5,{},2026-04-11 19:00:58.190571+00
00a92ce8-e75a-4656-a7f1-69c8e7f0d1a7,7dcc2d9d-6586-4370-a8ae-24e00a92e1c0,template_requires_scope,ddf7b096-a083-4d2f-9114-16cf6cf7df42,340cd507-ed76-4653-9e8a-c9a729081b93,{},2026-04-11 19:00:58.189018+00
6ec70c2f-fdd9-4a33-ac1b-e6c1e35c7a43,7dcc2d9d-6586-4370-a8ae-24e00a92e1c0,template_requires_scope,ddf7b096-a083-4d2f-9114-16cf6cf7df42,7be031f4-1006-468b-963e-61614efd49d5,{},2026-04-11 19:00:58.189192+00
1fef3020-864c-437e-ab9a-1a2e4ec7c955,7dcc2d9d-6586-4370-a8ae-24e00a92e1c0,template_requires_scope,ddf7b096-a083-4d2f-9114-16cf6cf7df42,f00f0b9d-98d4-49b5-9607-8dc3308843dd,{},2026-04-11 19:00:58.189382+00
f1e9373c-e362-4730-a90f-a7897e0f701f,7dcc2d9d-6586-4370-a8ae-24e00a92e1c0,tenant_has_action_template,8965820f-adeb-4e51-95f0-8ca53bf9495b,032c6ded-3630-4ab3-a2bb-da043385a765,{},2026-04-11 19:00:58.193274+00
5f07f298-e67e-401a-a113-443d9c9e0bb1,7dcc2d9d-6586-4370-a8ae-24e00a92e1c0,tenant_has_action_template,8965820f-adeb-4e51-95f0-8ca53bf9495b,0ef8f9d1-0f3b-4fd8-a80b-8a6acebcd6ff,{},2026-04-11 19:00:58.190896+00
db12e4e8-4960-406b-8a4b-a8446f794c6f,7dcc2d9d-6586-4370-a8ae-24e00a92e1c0,tenant_has_action_template,8965820f-adeb-4e51-95f0-8ca53bf9495b,1eee662e-91f9-46d9-a41d-859a31dd2aaa,{},2026-04-11 19:00:58.181559+00
66ccff11-b827-4210-b1a3-9bf6bfe2277f,7dcc2d9d-6586-4370-a8ae-24e00a92e1c0,tenant_has_action_template,8965820f-adeb-4e51-95f0-8ca53bf9495b,511ee646-52fd-4597-a984-645c02162275,{},2026-04-11 19:00:58.187037+00
f9a90a06-865d-46bf-8d63-63339973d247,7dcc2d9d-6586-4370-a8ae-24e00a92e1c0,tenant_has_action_template,8965820f-adeb-4e51-95f0-8ca53bf9495b,585b8348-6700-465f-8d3b-084f98f23592,{},2026-04-11 19:00:58.185229+00
779d38c9-f9d3-4e9d-8663-595623388990,7dcc2d9d-6586-4370-a8ae-24e00a92e1c0,tenant_has_action_template,8965820f-adeb-4e51-95f0-8ca53bf9495b,7c98fa47-f39e-439b-a235-1e22e48f8253,{},2026-04-11 19:00:58.191917+00
09532b15-db40-4683-978b-98db990f1920,7dcc2d9d-6586-4370-a8ae-24e00a92e1c0,tenant_has_action_template,8965820f-adeb-4e51-95f0-8ca53bf9495b,88cd2a04-a473-463f-bba9-9baded2745b0,{},2026-04-11 19:00:58.182899+00
b92bc8f1-f84e-4013-bdd2-c4c31980d739,7dcc2d9d-6586-4370-a8ae-24e00a92e1c0,tenant_has_action_template,8965820f-adeb-4e51-95f0-8ca53bf9495b,d4d2d36f-2bad-47cc-82c4-542688227ccb,{},2026-04-11 19:00:58.178228+00
dab851f3-9f08-4083-a561-238e29e993f6,7dcc2d9d-6586-4370-a8ae-24e00a92e1c0,tenant_has_action_template,8965820f-adeb-4e51-95f0-8ca53bf9495b,d5315996-143f-4e71-a9ee-0e64a2bf3d7f,{},2026-04-11 19:00:58.183892+00
7c81fe67-d943-4912-bbf5-d647a96b4716,7dcc2d9d-6586-4370-a8ae-24e00a92e1c0,tenant_has_action_template,8965820f-adeb-4e51-95f0-8ca53bf9495b,d9c3f065-4c67-4ad2-957f-63b5153f295b,{},2026-04-11 19:00:58.180152+00
49c9d374-51c2-4854-8400-a39746c7796c,7dcc2d9d-6586-4370-a8ae-24e00a92e1c0,tenant_has_action_template,8965820f-adeb-4e51-95f0-8ca53bf9495b,dab92e87-3b17-4019-88dd-0b7ef1fad11e,{},2026-04-11 19:00:58.189691+00
fea3c8ae-3106-4017-84ef-5de30e12078e,7dcc2d9d-6586-4370-a8ae-24e00a92e1c0,tenant_has_action_template,8965820f-adeb-4e51-95f0-8ca53bf9495b,ddf7b096-a083-4d2f-9114-16cf6cf7df42,{},2026-04-11 19:00:58.188489+00
c95a0e20-5969-4ba6-915f-1f204847e502,7dcc2d9d-6586-4370-a8ae-24e00a92e1c0,tenant_has_role_policy,8965820f-adeb-4e51-95f0-8ca53bf9495b,013b2a9e-7e92-4cd8-89c8-4e385274d21a,{},2026-04-11 19:00:58.097858+00
fdc5f5d1-afba-45ca-91fb-995c38cb8254,7dcc2d9d-6586-4370-a8ae-24e00a92e1c0,tenant_has_role_policy,8965820f-adeb-4e51-95f0-8ca53bf9495b,189385a0-325b-4b91-a297-d08de44265ed,{},2026-04-11 19:00:58.10465+00
eecd8cc0-0c55-47ed-a38c-98726ebefc86,7dcc2d9d-6586-4370-a8ae-24e00a92e1c0,tenant_has_role_policy,8965820f-adeb-4e51-95f0-8ca53bf9495b,5f3589b8-97f4-4377-b6bd-c03c8d981b3f,{},2026-04-11 19:00:58.105483+00
1ef9af70-06fa-4000-9101-8defc9d83f24,7dcc2d9d-6586-4370-a8ae-24e00a92e1c0,tenant_has_role_policy,8965820f-adeb-4e51-95f0-8ca53bf9495b,71d1b001-f258-4765-9d6f-994761f362e2,{},2026-04-11 19:00:58.100974+00
fdab1a0c-50d8-4118-97d8-b9677b2ac511,7dcc2d9d-6586-4370-a8ae-24e00a92e1c0,tenant_has_role_policy,8965820f-adeb-4e51-95f0-8ca53bf9495b,ba190c57-0116-4fdc-9ab1-cbae9bd3622f,{},2026-04-11 19:00:58.107588+00
1c6a2e44-1fd8-4c29-b04b-86550fa9195c,7dcc2d9d-6586-4370-a8ae-24e00a92e1c0,tenant_has_role_policy,8965820f-adeb-4e51-95f0-8ca53bf9495b,fe9236e1-bda2-42fa-bb23-dc2b11ead970,{},2026-04-11 19:00:58.102439+00
2253207f-4c90-4739-957b-4cfcda3bd27a,7dcc2d9d-6586-4370-a8ae-24e00a92e1c0,tenant_uses_source,8965820f-adeb-4e51-95f0-8ca53bf9495b,0e04a8d4-cd27-406a-91bd-778dd4b2d7d5,{},2026-04-11 19:00:58.177806+00
f864fd29-b2c3-4329-b154-e262d180647c,7dcc2d9d-6586-4370-a8ae-24e00a92e1c0,tenant_uses_source,8965820f-adeb-4e51-95f0-8ca53bf9495b,0e8a3201-bde5-4e88-bbd1-5b3c24d758f4,{},2026-04-11 19:00:58.173817+00
b2a92bd1-b209-42c3-920b-caa7af78884b,7dcc2d9d-6586-4370-a8ae-24e00a92e1c0,tenant_uses_source,8965820f-adeb-4e51-95f0-8ca53bf9495b,ca68ac0f-d739-433a-b566-3b429dfb7361,{},2026-04-11 19:00:58.173468+00
5540251f-89ea-4026-9a23-8617186c8ddd,7dcc2d9d-6586-4370-a8ae-24e00a92e1c0,tenant_uses_source,8965820f-adeb-4e51-95f0-8ca53bf9495b,cdb33a6d-bba0-4e89-9cb6-e3db4399c63e,{},2026-04-11 19:00:58.173133+00
aa259024-5eaa-4380-8b0d-d34e10092561,7dcc2d9d-6586-4370-a8ae-24e00a92e1c0,tenant_uses_source,8965820f-adeb-4e51-95f0-8ca53bf9495b,d3ae1027-c6d3-41a6-bf02-e4f97cd0bd0b,{},2026-04-11 19:00:58.174124+00
8972c871-0360-4d69-97d5-1372922a4a9f,7dcc2d9d-6586-4370-a8ae-24e00a92e1c0,user_has_persona,1109f515-0f09-4326-a522-4c8ba9761a2d,c99d6ae4-1319-4b0a-b40a-d6fd53f32518,{},2026-04-11 19:00:58.111517+00
5438766e-2f2a-42bb-9b03-af5a1ee8737e,7dcc2d9d-6586-4370-a8ae-24e00a92e1c0,user_has_persona,1e3a4519-b0d0-4158-87d7-98757ae54991,d1b3e52e-e4ad-4c78-8fbd-49a0bda33a71,{},2026-04-11 19:00:58.117451+00
a477f9e3-2afd-419c-af37-a033a997f24c,7dcc2d9d-6586-4370-a8ae-24e00a92e1c0,user_has_persona,24907f25-e736-48bf-8714-efb40ffd9315,cd021002-15ab-4d09-86e8-9e9f345471a2,{},2026-04-11 19:00:58.126556+00
75065189-5af0-4433-8392-c0d08afecec4,7dcc2d9d-6586-4370-a8ae-24e00a92e1c0,user_has_persona,27c35c54-71dc-436f-b1be-ff8a696b50bc,d1b3e52e-e4ad-4c78-8fbd-49a0bda33a71,{},2026-04-11 19:00:58.118616+00
163af9ee-6025-469b-a500-3e4e04d86f3e,7dcc2d9d-6586-4370-a8ae-24e00a92e1c0,user_has_persona,2cbf7281-22e8-4c63-bff5-df8e84f1e0a0,d1b3e52e-e4ad-4c78-8fbd-49a0bda33a71,{},2026-04-11 19:00:58.125957+00
6eacb367-c03c-45c8-a74e-372c43e16d3b,7dcc2d9d-6586-4370-a8ae-24e00a92e1c0,user_has_persona,38594760-988f-44f6-a4d2-b9020147b8ad,b042bdfe-e4aa-4257-9feb-e161da2ca888,{},2026-04-11 19:00:58.110705+00
77db5fbf-64ea-4ea1-b5a7-efafeff53d3f,7dcc2d9d-6586-4370-a8ae-24e00a92e1c0,user_has_persona,3e5cae2b-85c0-49fc-8659-3e3c74d5f2bf,2304f574-84a4-4756-8370-02cc37044e90,{},2026-04-11 19:00:58.113693+00
c47fc4c7-7eb1-4f94-890c-285266c5b977,7dcc2d9d-6586-4370-a8ae-24e00a92e1c0,user_has_persona,53f724b0-d9d5-4ce3-90cc-948bf36b6e7b,d1b3e52e-e4ad-4c78-8fbd-49a0bda33a71,{},2026-04-11 19:00:58.122969+00
76477e00-a68c-42eb-b650-93885601fa4a,7dcc2d9d-6586-4370-a8ae-24e00a92e1c0,user_has_persona,56a92ac0-824e-47a7-9475-57d68a3dcf77,d1b3e52e-e4ad-4c78-8fbd-49a0bda33a71,{},2026-04-11 19:00:58.11999+00
97b13a9f-c613-4e02-bee0-038e61e0b6e8,7dcc2d9d-6586-4370-a8ae-24e00a92e1c0,user_has_persona,61720365-d320-464a-aa64-d84fbfce9e42,2304f574-84a4-4756-8370-02cc37044e90,{},2026-04-11 19:00:58.11481+00
d4c30ab2-4e2a-49d5-a136-b0b32a8daeb1,7dcc2d9d-6586-4370-a8ae-24e00a92e1c0,user_has_persona,799040bb-83a1-4ce1-bf1f-e502fb223d44,331bca7c-a260-47f8-9075-afc4f3770e84,{},2026-04-11 19:00:58.115799+00
2c5107db-924a-4b78-b1f9-5cd021faef82,7dcc2d9d-6586-4370-a8ae-24e00a92e1c0,user_has_persona,7d0bd9ea-8cba-48f3-8545-ef24709d060a,c99d6ae4-1319-4b0a-b40a-d6fd53f32518,{},2026-04-11 19:00:58.115265+00
a92c81f8-ae24-4d87-ab72-4bd9265e9ec8,7dcc2d9d-6586-4370-a8ae-24e00a92e1c0,user_has_persona,7d1705e7-3084-4abd-9586-13aeeddf8034,c99d6ae4-1319-4b0a-b40a-d6fd53f32518,{},2026-04-11 19:00:58.109851+00
42a81ead-c619-42a3-b0f5-535ba78b4226,7dcc2d9d-6586-4370-a8ae-24e00a92e1c0,user_has_persona,8d203ee6-b85a-4cf5-b041-c806f57e5de5,d1b3e52e-e4ad-4c78-8fbd-49a0bda33a71,{},2026-04-11 19:00:58.116867+00
1cf2fc98-9ab3-46a6-bc9e-21d24847f37e,7dcc2d9d-6586-4370-a8ae-24e00a92e1c0,user_has_persona,906ad6e0-c3a6-4a29-b949-d33c0c7cf040,2304f574-84a4-4756-8370-02cc37044e90,{},2026-04-11 19:00:58.112219+00
f21b405e-6ef5-4efa-a7e1-f534191e5786,7dcc2d9d-6586-4370-a8ae-24e00a92e1c0,user_has_persona,979d8b0d-dc3f-4eab-944e-fc6ec0826aaa,2304f574-84a4-4756-8370-02cc37044e90,{},2026-04-11 19:00:58.113002+00
c2037811-6cff-4ad1-ba1d-0059bb59f2ac,7dcc2d9d-6586-4370-a8ae-24e00a92e1c0,user_has_persona,98a481ab-a0dc-4035-96f2-2b2c41e1d645,d1b3e52e-e4ad-4c78-8fbd-49a0bda33a71,{},2026-04-11 19:00:58.121422+00
58e92188-b96a-4ba2-9a98-fc768beb7efb,7dcc2d9d-6586-4370-a8ae-24e00a92e1c0,user_has_persona,b27c15f3-8743-4cd1-aa7d-64f32f141f6c,d1b3e52e-e4ad-4c78-8fbd-49a0bda33a71,{},2026-04-11 19:00:58.118987+00
5244c9b6-1bb4-4ee1-97fb-c473d8c8b454,7dcc2d9d-6586-4370-a8ae-24e00a92e1c0,user_has_persona,b8a6baa7-f23e-42a4-a300-e018ce4afa3e,d1b3e52e-e4ad-4c78-8fbd-49a0bda33a71,{},2026-04-11 19:00:58.119441+00
b6f0dc8d-8f5c-4382-814d-6fe5e6caf0b7,7dcc2d9d-6586-4370-a8ae-24e00a92e1c0,user_has_persona,bedcda18-90a8-4cf8-8bdc-77ebe045cfcf,d1b3e52e-e4ad-4c78-8fbd-49a0bda33a71,{},2026-04-11 19:00:58.118193+00
5063a083-5a29-415b-b3f4-97a0820a1bbb,7dcc2d9d-6586-4370-a8ae-24e00a92e1c0,user_has_persona,c52b0b43-6e60-4689-b665-437e1dcba447,2304f574-84a4-4756-8370-02cc37044e90,{},2026-04-11 19:00:58.114171+00
aba56a56-7d16-4a7e-a1fb-85c962717a7d,7dcc2d9d-6586-4370-a8ae-24e00a92e1c0,user_has_persona,e052fc6e-ef4e-4685-b646-1f0dd2ef7f50,c99d6ae4-1319-4b0a-b40a-d6fd53f32518,{},2026-04-11 19:00:58.116381+00
4e038d2e-8d82-4346-8b17-ca94020db522,7dcc2d9d-6586-4370-a8ae-24e00a92e1c0,user_member_of_tenant,1109f515-0f09-4326-a522-4c8ba9761a2d,8965820f-adeb-4e51-95f0-8ca53bf9495b,{},2026-04-11 19:00:58.111198+00
d94f695e-c57d-4164-b8a6-01613c56d302,7dcc2d9d-6586-4370-a8ae-24e00a92e1c0,user_member_of_tenant,1e3a4519-b0d0-4158-87d7-98757ae54991,8965820f-adeb-4e51-95f0-8ca53bf9495b,{},2026-04-11 19:00:58.117292+00
b316759e-7cdb-43a8-a502-1a83f728170d,7dcc2d9d-6586-4370-a8ae-24e00a92e1c0,user_member_of_tenant,24907f25-e736-48bf-8714-efb40ffd9315,8965820f-adeb-4e51-95f0-8ca53bf9495b,{},2026-04-11 19:00:58.126307+00
140746f6-fbd2-493b-8d02-95d8c454271d,7dcc2d9d-6586-4370-a8ae-24e00a92e1c0,user_member_of_tenant,27c35c54-71dc-436f-b1be-ff8a696b50bc,8965820f-adeb-4e51-95f0-8ca53bf9495b,{},2026-04-11 19:00:58.118462+00
a3f1669e-e742-4603-bf9e-7de08b919671,7dcc2d9d-6586-4370-a8ae-24e00a92e1c0,user_member_of_tenant,2cbf7281-22e8-4c63-bff5-df8e84f1e0a0,8965820f-adeb-4e51-95f0-8ca53bf9495b,{},2026-04-11 19:00:58.125182+00
53449aab-d8b7-45d8-91d2-f658899a936a,7dcc2d9d-6586-4370-a8ae-24e00a92e1c0,user_member_of_tenant,38594760-988f-44f6-a4d2-b9020147b8ad,8965820f-adeb-4e51-95f0-8ca53bf9495b,{},2026-04-11 19:00:58.110382+00
63e59718-6c34-4565-9600-2c552d675415,7dcc2d9d-6586-4370-a8ae-24e00a92e1c0,user_member_of_tenant,3e5cae2b-85c0-49fc-8659-3e3c74d5f2bf,8965820f-adeb-4e51-95f0-8ca53bf9495b,{},2026-04-11 19:00:58.113338+00
d723ce4f-aaee-4ab9-bedc-3dc4fffa4a54,7dcc2d9d-6586-4370-a8ae-24e00a92e1c0,user_member_of_tenant,53f724b0-d9d5-4ce3-90cc-948bf36b6e7b,8965820f-adeb-4e51-95f0-8ca53bf9495b,{},2026-04-11 19:00:58.12209+00
507bb242-d5d0-4cac-812f-8fb94e78c302,7dcc2d9d-6586-4370-a8ae-24e00a92e1c0,user_member_of_tenant,56a92ac0-824e-47a7-9475-57d68a3dcf77,8965820f-adeb-4e51-95f0-8ca53bf9495b,{},2026-04-11 19:00:58.119671+00
87fe68d8-6399-4b7b-8ca8-12d0443f718f,7dcc2d9d-6586-4370-a8ae-24e00a92e1c0,user_member_of_tenant,61720365-d320-464a-aa64-d84fbfce9e42,8965820f-adeb-4e51-95f0-8ca53bf9495b,{},2026-04-11 19:00:58.114414+00
0ae89e37-f1fa-468b-93f3-2e2ce3ca8990,7dcc2d9d-6586-4370-a8ae-24e00a92e1c0,user_member_of_tenant,799040bb-83a1-4ce1-bf1f-e502fb223d44,8965820f-adeb-4e51-95f0-8ca53bf9495b,{},2026-04-11 19:00:58.115531+00
023838ac-9ff0-45ea-90e5-fea526e96f38,7dcc2d9d-6586-4370-a8ae-24e00a92e1c0,user_member_of_tenant,7d0bd9ea-8cba-48f3-8545-ef24709d060a,8965820f-adeb-4e51-95f0-8ca53bf9495b,{},2026-04-11 19:00:58.115068+00
64431d4e-f680-493b-b06e-2fa190a3ec71,7dcc2d9d-6586-4370-a8ae-24e00a92e1c0,user_member_of_tenant,7d1705e7-3084-4abd-9586-13aeeddf8034,8965820f-adeb-4e51-95f0-8ca53bf9495b,{},2026-04-11 19:00:58.109404+00
e9597c48-07ff-4513-83de-86df09ec091a,7dcc2d9d-6586-4370-a8ae-24e00a92e1c0,user_member_of_tenant,8d203ee6-b85a-4cf5-b041-c806f57e5de5,8965820f-adeb-4e51-95f0-8ca53bf9495b,{},2026-04-11 19:00:58.116634+00
591065ef-4084-4d2c-8f5c-7d6917e7ac45,7dcc2d9d-6586-4370-a8ae-24e00a92e1c0,user_member_of_tenant,906ad6e0-c3a6-4a29-b949-d33c0c7cf040,8965820f-adeb-4e51-95f0-8ca53bf9495b,{},2026-04-11 19:00:58.111884+00
807fa076-e7a8-4ecd-b07e-f256feba0f15,7dcc2d9d-6586-4370-a8ae-24e00a92e1c0,user_member_of_tenant,979d8b0d-dc3f-4eab-944e-fc6ec0826aaa,8965820f-adeb-4e51-95f0-8ca53bf9495b,{},2026-04-11 19:00:58.112733+00
fba75ab5-cbb7-4674-bbac-6411a612b9fb,7dcc2d9d-6586-4370-a8ae-24e00a92e1c0,user_member_of_tenant,98a481ab-a0dc-4035-96f2-2b2c41e1d645,8965820f-adeb-4e51-95f0-8ca53bf9495b,{},2026-04-11 19:00:58.120603+00
f02f3c21-ea08-4273-9445-e56a00e4b189,7dcc2d9d-6586-4370-a8ae-24e00a92e1c0,user_member_of_tenant,b27c15f3-8743-4cd1-aa7d-64f32f141f6c,8965820f-adeb-4e51-95f0-8ca53bf9495b,{},2026-04-11 19:00:58.118843+00
123c7296-841e-4af7-bbe7-660a998c1a2f,7dcc2d9d-6586-4370-a8ae-24e00a92e1c0,user_member_of_tenant,b8a6baa7-f23e-42a4-a300-e018ce4afa3e,8965820f-adeb-4e51-95f0-8ca53bf9495b,{},2026-04-11 19:00:58.119285+00
4e01f5ad-a3dc-4b22-820e-1fd60f3af81e,7dcc2d9d-6586-4370-a8ae-24e00a92e1c0,user_member_of_tenant,bedcda18-90a8-4cf8-8bdc-77ebe045cfcf,8965820f-adeb-4e51-95f0-8ca53bf9495b,{},2026-04-11 19:00:58.118041+00
092a2627-821b-4ec5-b5e3-757fe67ead31,7dcc2d9d-6586-4370-a8ae-24e00a92e1c0,user_member_of_tenant,c52b0b43-6e60-4689-b665-437e1dcba447,8965820f-adeb-4e51-95f0-8ca53bf9495b,{},2026-04-11 19:00:58.113999+00
f5dd5e57-b36f-4f58-811b-0b5ccaecd876,7dcc2d9d-6586-4370-a8ae-24e00a92e1c0,user_member_of_tenant,e052fc6e-ef4e-4685-b646-1f0dd2ef7f50,8965820f-adeb-4e51-95f0-8ca53bf9495b,{},2026-04-11 19:00:58.116224+00
